Team,Defender Abbr,Receiver Team,Receiver Abbr,Week,Event,Yards,Receiver,Defender
LAC,C.Hart,ARI,Mi.Wilson,1,Pass breakup,0,Mi.Wilson,Cam Hart
ARI,M.Melton,LAC,Q.Johnston,1,Pass breakup,0,Quentin Johnston,Max Melton
LAC,T.Jefferson,ARI,T.McBride,1,Pass breakup,0,Trey McBride,Tony Jefferson
LAC,T.Tuipulotu,ARI,T.McBride,1,Pass breakup,0,Trey McBride,Tuli Tuipulotu
ARI,M.Melton,LAC,T.Harris,1,Pass breakup,0,Tre' Harris,Max Melton
LAC,D.James,ARI,T.McBride,1,Pass breakup,0,Trey McBride,Derwin James
ARI,A.Wingard,LAC,D.Davis,1,Pass breakup,0,Derius Davis,Andrew Wingard
ARI,D.Stills,LAC,Q.Johnston,1,Pass breakup,0,Quentin Johnston,Dante Stills
ARI,K.Clark,LAC,T.Harris,1,Pass breakup,0,Tre' Harris,Kei'Trel Clark
ATL,M.Smith,PIT,R.Dowdle,1,Pass breakup,0,Rico Dowdle,Maason Smith
PIT,J.Ramsey,ATL,K.Pitts,1,Pass breakup,0,Kyle Pitts Sr.,Jalen Ramsey
ATL,M.Hughes,PIT,D.Metcalf,1,Pass breakup,0,DK Metcalf,Mike Hughes
PIT,J.Brisker,ATL,J.Dotson,1,Pass breakup,0,Jahan Dotson,Jaquan Brisker
ATL,M.Hughes,PIT,R.Wilson,1,Pass breakup,0,Roman Wilson,Mike Hughes
PIT,C.Heyward,ATL,D.London,1,Pass breakup,0,Drake London,Cameron Heyward
ATL,C.Henderson,PIT,D.Metcalf,1,Pass breakup,0,DK Metcalf,C.J. Henderson
PIT,T.Watt,ATL,Bi.Robinson,1,Pass breakup,0,Bi.Robinson,T.J. Watt
BAL,B.Washington,IND,J.Downs,1,Pass breakup,0,Josh Downs,Broderick Washington Jr.
BAL,R.Smith,IND,L.Treadwell,1,Pass breakup,0,Laquon Treadwell,Roquan Smith
BAL,M.Humphrey,IND,A.Pierce,1,Pass breakup,0,Alec Pierce,Marlon Humphrey
BAL,N.Wiggins,IND,A.Pierce,1,Pass breakup,0,Alec Pierce,Nate Wiggins
HOU,J.Pitre,BUF,K.Shakir,1,Pass breakup,0,Khalil Shakir,Jalen Pitre
BUF,D.Igbinosun,HOU,X.Hutchinson,1,Pass breakup,0,Xavier Hutchinson,Davison Igbinosun
HOU,C.Bullock,BUF,D.Moore,1,Pass breakup,0,DJ Moore,Calen Bullock
BUF,G.Rousseau,HOU,D.Schultz,1,Pass breakup,0,Dalton Schultz,Gregory Rousseau
HOU,S.Rankins,BUF,K.Shakir,1,Pass breakup,0,Khalil Shakir,Sheldon Rankins
HOU,K.Lassiter,BUF,D.Moore,1,Pass breakup,0,DJ Moore,Kamari Lassiter
HOU,D.Hunter,BUF,D.Moore,1,Pass breakup,0,DJ Moore,Danielle Hunter
CHI,D.Thieneman,CAR,M.Evans,1,Pass breakup,0,Mitchell Evans,Dillon Thieneman
CAR,W.Lee,CHI,K.Raymond,1,Pass breakup,0,Kalif Raymond,Will Lee
CHI,M.Muhammad,CAR,T.McMillan,1,Pass breakup,0,Tetairoa McMillan,Malik Muhammad
CHI,M.Muhammad,CAR,J.Coker,1,Pass breakup,0,Jalen Coker,Malik Muhammad
JAX,F.Oluokun,CLE,J.Jeudy,1,Pass breakup,0,Jerry Jeudy,Foyesade Oluokun
CLE,G.Delpit,JAX,B.Strange,1,Pass breakup,0,Brenton Strange,Grant Delpit
JAX,T.Walker,CLE,K.Concepcion,1,Pass breakup,0,KC Concepcion,Travon Walker
DAL,L.Overton,NYG,P.Ricard,1,Pass breakup,0,Patrick Ricard,LT Overton
DAL,C.Durant,NYG,M.Nabers,1,Pass breakup,0,Malik Nabers,Cobie Durant
NYG,D.Banks,DAL,R.Flournoy,1,Pass breakup,0,Ryan Flournoy,Deonte Banks
NYG,D.Banks,DAL,C.Lamb,1,Pass breakup,0,CeeDee Lamb,Deonte Banks
KC,M.Delane,DEN,C.Sutton,1,Pass breakup,0,Courtland Sutton,Mansoor Delane
DEN,J.McMillian,KC,X.Worthy,1,Pass breakup,0,Xavier Worthy,Ja'Quan McMillian
DEN,M.Roach,KC,C.Allen,1,Pass breakup,0,Cyrus Allen,Malcolm Roach
DEN,R.Moss,KC,X.Worthy,1,Pass breakup,0,Xavier Worthy,Riley Moss
DEN,B.Jones,KC,X.Worthy,1,Pass breakup,0,Xavier Worthy,Brandon Jones
KC,P.Woods,DEN,C.Sutton,1,Pass breakup,0,Courtland Sutton,Peter Woods
KC,N.Bolton,DEN,E.Engram,1,Pass breakup,0,Evan Engram,Nick Bolton
KC,N.Williams,DEN,T.Franklin,1,Pass breakup,0,Troy Franklin,Nohl Williams
GB,K.Nixon,MIN,J.Jennings,1,Pass breakup,0,Jauan Jennings,Keisean Nixon
MIN,B.Murphy,GB,J.Smith,1,Pass breakup,0,Jonnu Smith,Byron Murphy
GB,B.Cisse,MIN,T.Hockenson,1,Pass breakup,0,T.J. Hockenson,Brandon Cisse
MIN,H.Smith,GB,C.Watson,1,Pass breakup,0,Christian Watson,Harrison Smith
MIN,J.Pierre,GB,M.Lloyd,1,Pass breakup,0,MarShawn Lloyd,James Pierre
LV,D.Porter,MIA,M.Washington,1,Pass breakup,0,Malik Washington,Darien Porter
MIA,Z.Anderson,LV,T.Tucker,1,Pass breakup,0,Tre Tucker,Zayne Anderson
MIA,C.Johnson,LV,C.White,1,Pass breakup,0,Cody White,Chris Johnson
LV,D.Porter,MIA,C.Bell,1,Pass breakup,0,Chris Bell,Darien Porter
MIA,M.Taaffe,LV,J.Bech,1,Pass breakup,0,Jack Bech,Michael Taaffe
LV,T.Stukes,MIA,C.Douglas,1,Pass breakup,0,Caleb Douglas,Treydan Stukes
MIA,C.Johnson,LV,T.Tucker,1,Pass breakup,0,Tre Tucker,Chris Johnson
MIA,D.Trader,LV,J.Nailor,1,Pass breakup,0,Jalen Nailor,Dante Trader
LV,F.Fatukasi,MIA,D.Achane,1,Pass breakup,0,De'Von Achane,Folorunso Fatukasi
LV,H.Masses,MIA,K.Coleman,1,Pass breakup,0,Kevin Coleman Jr.,Hezekiah Masses
LV,T.Hemingway,MIA,C.Douglas,1,Pass breakup,0,Caleb Douglas,Tonka Hemingway
NE,C.Gonzalez,SEA,C.Kupp,1,Pass breakup,0,Cooper Kupp,Christian Gonzalez
SEA,N.Pritchett,NE,A.Brown,1,Pass breakup,0,A.J. Brown,Nehemiah Pritchett
SEA,U.Nwosu,NE,R.Stevenson,1,Pass breakup,0,Rhamondre Stevenson,Uchenna Nwosu
SEA,R.Thomas,NE,R.Doubs,1,Pass breakup,0,Romeo Doubs,Rodney Thomas II
SEA,J.Love,NE,D.Douglas,1,Pass breakup,0,DeMario Douglas,Julian Love
NE,C.Gonzalez,SEA,J.Smith-Njigba,1,Pass breakup,0,Jaxon Smith-Njigba,Christian Gonzalez
SEA,J.Jobe,NE,M.Hollins,1,Pass breakup,0,Mack Hollins,Josh Jobe
NO,C.Young,DET,I.TeSlaa,1,Pass breakup,0,Isaac TeSlaa,Chase Young
DET,T.Harper,NO,J.Johnson,1,Pass breakup,0,Juwan Johnson,Thomas Harper
NO,Q.Riley,DET,J.Williams,1,Pass breakup,0,Jameson Williams,Quincy Riley
NO,P.Werner,DET,A.St. Brown,1,Pass breakup,0,A.St. Brown,Pete Werner
DET,A.Maddox,NO,C.Olave,1,Pass breakup,0,Chris Olave,Avonte Maddox
DET,A.Maddox,NO,D.Vele,1,Pass breakup,0,Devaughn Vele,Avonte Maddox
DET,D.Reed,NO,C.Olave,1,Pass breakup,0,Chris Olave,D.J. Reed
DET,C.Clark,NO,N.Fant,1,Pass breakup,0,Noah Fant,Chuck Clark
DET,D.Barnes,NO,N.Fant,1,Pass breakup,0,Noah Fant,Derrick Barnes
NO,K.Elliss,DET,S.LaPorta,1,Pass breakup,0,Sam LaPorta,Kaden Elliss
NO,K.McKinstry,DET,A.St. Brown,1,Pass breakup,0,A.St. Brown,Kool-Aid McKinstry
DET,D.Wonnum,NO,J.Johnson,1,Pass breakup,0,Juwan Johnson,D.J. Wonnum
DET,D.Barnes,NO,J.Johnson,1,Pass breakup,0,Juwan Johnson,Derrick Barnes
TEN,A.Hill,NYJ,M.Taylor,1,Pass breakup,0,Mason Taylor,Anthony Hill
TEN,A.Hill,NYJ,B.Allen,1,Pass breakup,0,Braelon Allen,Anthony Hill
NYJ,D.Davis,TEN,T.Spears,1,Pass breakup,0,Tyjae Spears,Demario Davis
SF,F.Warner,LAR,P.Nacua,1,Pass breakup,0,Puka Nacua,Fred Warner
LAR,Q.Lake,SF,G.Kittle,1,Pass breakup,0,George Kittle,Quentin Lake
LAR,T.McDuffie,SF,G.Kittle,1,Pass breakup,0,George Kittle,Trent McDuffie
LAR,T.McDuffie,SF,D.Robinson,1,Pass breakup,0,Demarcus Robinson,Trent McDuffie
LAR,O.Speights,SF,C.McCaffrey,1,Pass breakup,0,Christian McCaffrey,Omar Speights
LAR,Q.Lake,SF,G.Kittle,1,Pass breakup,0,George Kittle,Quentin Lake
SF,R.Green,LAR,P.Nacua,1,Pass breakup,0,Puka Nacua,Renardo Green
LAR,N.Landman,SF,C.McCaffrey,1,Pass breakup,0,Christian McCaffrey,Nathan Landman
SF,J.Jones,LAR,D.Adams,1,Pass breakup,0,Davante Adams,Jack Jones
LAR,Q.Lake,SF,C.McCaffrey,1,Pass breakup,0,Christian McCaffrey,Quentin Lake
SF,J.Jones,LAR,P.Nacua,1,Pass breakup,0,Puka Nacua,Jack Jones
CIN,J.Davis,TB,E.Egbuka,1,Pass breakup,0,Emeka Egbuka,Jalen Davis
TB,Z.McCollum,CIN,J.Chase,1,Pass breakup,0,Ja'Marr Chase,Zyon McCollum
TB,J.Parrish,CIN,J.Chase,1,Pass breakup,0,Ja'Marr Chase,Jacob Parrish
TB,T.Smith,CIN,M.Gesicki,1,Pass breakup,0,Mike Gesicki,Tykee Smith
TB,J.Trotter,CIN,A.Iosivas,1,Pass breakup,0,Andrei Iosivas,Josiah Trotter
TB,Z.McCollum,CIN,T.Higgins,1,Pass breakup,0,Tee Higgins,Zyon McCollum
TB,B.Morrison,CIN,T.Higgins,1,Pass breakup,0,Tee Higgins,Benjamin Morrison
WSH,R.Douglas,PHI,D.Wicks,1,Pass breakup,0,Dontayvion Wicks,Rasul Douglas
PHI,Z.Baun,WSH,S.Diggs,1,Pass breakup,0,Stefon Diggs,Zack Baun
WSH,C.Omenihu,PHI,D.Smith,1,Pass breakup,0,DeVonta Smith,Charles Omenihu
PHI,Z.Baun,WSH,J.Bates,1,Pass breakup,0,John Bates,Zack Baun
ATL,C.Henderson,CAR,J.Coker,2,Pass breakup,0,Jalen Coker,C.J. Henderson
CAR,D.Lloyd,ATL,Bi.Robinson,2,Pass breakup,0,Bi.Robinson,Devin Lloyd
ATL,Z.Smith,CAR,X.Legette,2,Pass breakup,0,Xavier Legette,Za'Darius Smith
CAR,W.Lee,ATL,J.Dotson,2,Pass breakup,0,Jahan Dotson,Will Lee
CAR,D.Lloyd,ATL,K.Pitts,2,Pass breakup,0,Kyle Pitts Sr.,Devin Lloyd
ATL,G.Dexter,CAR,T.McMillan,2,Pass breakup,0,Tetairoa McMillan,Gervon Dexter
CAR,W.Lee,ATL,A.Hooper,2,Pass breakup,0,Austin Hooper,Will Lee
CAR,J.Moon,ATL,C.Blair,2,Pass breakup,0,Chris Blair,Jeremiah Moon
CIN,D.Turner,HOU,X.Hutchinson,2,Pass breakup,0,Xavier Hutchinson,DJ Turner
CIN,J.Davis,HOU,J.Wayne,2,Pass breakup,0,Jared Wayne,Jalen Davis
HOU,W.Anderson,CIN,C.Brown,2,Pass breakup,0,Chase Brown,Will Anderson
CIN,D.Hill,HOU,X.Hutchinson,2,Pass breakup,0,Xavier Hutchinson,Daxton Hill
CIN,D.Turner,HOU,X.Hutchinson,2,Pass breakup,0,Xavier Hutchinson,DJ Turner
CIN,D.Hill,HOU,J.Noel,2,Pass breakup,0,Jaylin Noel,Daxton Hill
CIN,D.Hill,HOU,J.Wayne,2,Pass breakup,0,Jared Wayne,Daxton Hill
HOU,D.Hunter,CIN,E.All,2,Pass breakup,0,Erick All Jr.,Danielle Hunter
HOU,D.Stingley,CIN,T.Higgins,2,Pass breakup,0,Tee Higgins,Derek Stingley Jr.
CIN,J.Battle,HOU,J.Wayne,2,Pass breakup,0,Jared Wayne,Jordan Battle
CIN,D.Hill,HOU,X.Hutchinson,2,Pass breakup,0,Xavier Hutchinson,Daxton Hill
CLE,M.Harden,TB,T.Hurst,2,Pass breakup,0,Ted Hurst III,Myles Harden
TB,B.Morrison,CLE,D.Boston,2,Pass breakup,0,Denzel Boston,Benjamin Morrison
CLE,M.Harden,TB,T.Hurst,2,Pass breakup,0,Ted Hurst III,Myles Harden
TB,Y.Diaby,CLE,J.McLaughlin,2,Pass breakup,0,Jaleel McLaughlin,YaYa Diaby
CLE,M.Blackmon,TB,T.Hurst,2,Pass breakup,0,Ted Hurst III,Mekhi Blackmon
BUF,D.Walker,DET,J.Williams,2,Pass breakup,0,Jameson Williams,Deone Walker
DET,T.Harper,BUF,J.Palmer,2,Pass breakup,0,Joshua Palmer,Thomas Harper
BUF,T.Bernard,DET,I.TeSlaa,2,Pass breakup,0,Isaac TeSlaa,Terrel Bernard
BUF,C.Benford,DET,A.St. Brown,2,Pass breakup,0,A.St. Brown,Christian Benford
BUF,D.Williams,DET,A.St. Brown,2,Pass breakup,0,A.St. Brown,Dorian Williams
BUF,C.Benford,DET,I.TeSlaa,2,Pass breakup,0,Isaac TeSlaa,Christian Benford
BUF,D.Walker,DET,J.Gibbs,2,Pass breakup,0,Jahmyr Gibbs,Deone Walker
BUF,D.Walker,DET,A.St. Brown,2,Pass breakup,0,A.St. Brown,Deone Walker
GB,J.Bullard,NYJ,A.Mitchell,2,Pass breakup,0,Adonai Mitchell,Javon Bullard
GB,J.Bullard,NYJ,A.Mitchell,2,Pass breakup,0,Adonai Mitchell,Javon Bullard
NYJ,J.Sherwood,GB,C.Watson,2,Pass breakup,0,Christian Watson,Jamien Sherwood
NYJ,A.Thomas,GB,C.Watson,2,Pass breakup,0,Christian Watson,Azareye'h Thomas
NYJ,A.Cisco,GB,C.Watson,2,Pass breakup,0,Christian Watson,Andre Cisco
GB,E.Williams,NYJ,K.Sadiq,2,Pass breakup,0,Kenyon Sadiq,Evan Williams
GB,E.Williams,NYJ,A.Mitchell,2,Pass breakup,0,Adonai Mitchell,Evan Williams
IND,J.Walley,KC,K.Walker,2,Pass breakup,0,Kenneth Walker III,Justin Walley
KC,K.Fulton,IND,K.Allen,2,Pass breakup,0,Keenan Allen,Kristian Fulton
KC,D.Tranquill,IND,A.Ogletree,2,Pass breakup,0,A.Ogletree,Drue Tranquill
KC,L.Sneed,IND,J.Downs,2,Pass breakup,0,Josh Downs,L'Jarius Sneed
KC,A.Gilman,IND,K.Allen,2,Pass breakup,0,Keenan Allen,Alohi Gilman
KC,N.Williams,IND,K.Allen,2,Pass breakup,0,Keenan Allen,Nohl Williams
IND,D.Buckner,KC,R.Rice,2,Pass breakup,0,Rashee Rice,DeForest Buckner
IND,K.Gushiken,KC,R.Rice,2,Pass breakup,0,Rashee Rice,Kapena Gushiken
DEN,J.Elliss,JAX,Bri.Thomas,2,Pass breakup,0,Bri.Thomas,Jonah Elliss
JAX,J.Lewis,DEN,C.Sutton,2,Pass breakup,0,Courtland Sutton,Jourdan Lewis
DEN,A.Singleton,JAX,L.Allen,2,Pass breakup,0,LeQuint Allen Jr.,Alex Singleton
DEN,R.Moss,JAX,P.Washington,2,Pass breakup,0,Parker Washington,Riley Moss
DEN,R.Moss,JAX,Bri.Thomas,2,Pass breakup,0,Bri.Thomas,Riley Moss
DEN,J.McMillian,JAX,P.Washington,2,Pass breakup,0,Parker Washington,Ja'Quan McMillian
JAX,J.Jones,DEN,L.Humphrey,2,Pass breakup,0,Lil'Jordan Humphrey,Jarrian Jones
DEN,R.Moss,JAX,Bri.Thomas,2,Pass breakup,0,Bri.Thomas,Riley Moss
DEN,P.Surtain,JAX,Bri.Thomas,2,Pass breakup,0,Bri.Thomas,Patrick Surtain II
LAC,C.Hart,LV,T.Tucker,2,Pass breakup,0,Tre Tucker,Cam Hart
LV,T.Hemingway,LAC,Q.Johnston,2,Pass breakup,0,Quentin Johnston,Tonka Hemingway
LV,H.Masses,LAC,D.Njoku,2,Pass breakup,0,David Njoku,Hezekiah Masses
LAC,C.Hart,LV,M.Mayer,2,Pass breakup,0,Michael Mayer,Cam Hart
LAC,G.Smith,LV,T.Tucker,2,Pass breakup,0,Tre Tucker,Genesis Smith
LAC,D.Jackson,LV,J.Nailor,2,Pass breakup,0,Jalen Nailor,Donte Jackson
LV,H.Masses,LAC,D.Davis,2,Pass breakup,0,Derius Davis,Hezekiah Masses
SF,U.Stout,MIA,G.Dulcich,2,Pass breakup,0,Greg Dulcich,Upton Stout
SF,J.Jones,MIA,C.Bell,2,Pass breakup,0,Chris Bell,Jack Jones
CHI,D.Bush,MIN,J.Addison,2,Pass breakup,0,Jordan Addison,Devin Bush Jr.
CHI,D.Thieneman,MIN,J.Jefferson,2,Pass breakup,0,Justin Jefferson,Dillon Thieneman
MIN,B.Murphy,CHI,L.Burden,2,Pass breakup,0,Luther Burden III,Byron Murphy
MIN,J.Pierre,CHI,R.Odunze,2,Pass breakup,0,Rome Odunze,James Pierre
MIN,J.Redmond,CHI,C.Loveland,2,Pass breakup,0,Colston Loveland,Jalen Redmond
MIN,B.Murphy,CHI,L.Burden,2,Pass breakup,0,Luther Burden III,Byron Murphy
CHI,T.Stevenson,MIN,J.Jefferson,2,Pass breakup,0,Justin Jefferson,Tyrique Stevenson
MIN,T.Jackson,CHI,S.Roush,2,Pass breakup,0,Sam Roush,Theo Jackson
MIN,I.Rodgers,CHI,L.Burden,2,Pass breakup,0,Luther Burden III,Isaiah Rodgers
BAL,M.Humphrey,NO,C.Olave,2,Pass breakup,0,Chris Olave,Marlon Humphrey
NO,Q.Riley,BAL,R.Bateman,2,Pass breakup,0,Rashod Bateman,Quincy Riley
NO,K.McKinstry,BAL,C.Moore,2,Pass breakup,0,Chris Moore,Kool-Aid McKinstry
BAL,T.Jones,NO,D.Vele,2,Pass breakup,0,Devaughn Vele,Travis Jones
NO,J.Blackmon,BAL,R.Bateman,2,Pass breakup,0,Rashod Bateman,Julian Blackmon
LAR,Q.Lake,NYG,T.Johnson,2,Pass breakup,0,Theo Johnson,Quentin Lake
LAR,K.Curl,NYG,T.Johnson,2,Pass breakup,0,Theo Johnson,Kamren Curl
NYG,G.Newsome,LAR,D.Adams,2,Pass breakup,0,Davante Adams,Greg Newsome II
LAR,Q.Lake,NYG,I.Likely,2,Pass breakup,0,Isaiah Likely,Quentin Lake
LAR,T.McDuffie,NYG,M.Nabers,2,Pass breakup,0,Malik Nabers,Trent McDuffie
LAR,J.Watson,NYG,M.Fields,2,Pass breakup,0,Malachi Fields,Jaylen Watson
LAR,T.McDuffie,NYG,M.Nabers,2,Pass breakup,0,Malik Nabers,Trent McDuffie
NYG,J.Holland,LAR,D.Adams,2,Pass breakup,0,Davante Adams,Jevon Holland
LAR,T.McDuffie,NYG,M.Nabers,2,Pass breakup,0,Malik Nabers,Trent McDuffie
LAR,T.McDuffie,NYG,I.Likely,2,Pass breakup,0,Isaiah Likely,Trent McDuffie
NYG,T.Edmunds,LAR,T.Ferguson,2,Pass breakup,0,Terrance Ferguson,Tremaine Edmunds
NYG,T.Nubin,LAR,T.Ferguson,2,Pass breakup,0,Terrance Ferguson,Tyler Nubin
LAR,Q.Lake,NYG,I.Likely,2,Pass breakup,0,Isaiah Likely,Quentin Lake
LAR,E.Forbes,NYG,M.Fields,2,Pass breakup,0,Malachi Fields,Emmanuel Forbes
TEN,A.Hooker,PHI,D.Smith,2,Pass breakup,0,DeVonta Smith,Amani Hooker
TEN,M.Harris,PHI,D.Smith,2,Pass breakup,0,DeVonta Smith,Marcus Harris
NE,C.Woodson,PIT,D.Washington,2,Pass breakup,0,Darnell Washington,Craig Woodson
PIT,A.Highsmith,NE,D.Douglas,2,Pass breakup,0,DeMario Douglas,Alex Highsmith
PIT,P.Queen,NE,H.Henry,2,Pass breakup,0,Hunter Henry,Patrick Queen
NE,C.Gonzalez,PIT,D.Metcalf,2,Pass breakup,0,DK Metcalf,Christian Gonzalez
PIT,C.Heyward,NE,H.Henry,2,Pass breakup,0,Hunter Henry,Cameron Heyward
PIT,A.Samuel,NE,K.Williams,2,Pass breakup,0,Kyle Williams,Asante Samuel Jr.
NE,C.Woods,PIT,G.Bernard,2,Pass breakup,0,Germie Bernard,Charles Woods
NE,C.Gonzalez,PIT,D.Metcalf,2,Pass breakup,0,DK Metcalf,Christian Gonzalez
SEA,R.Thomas,ARI,T.McBride,2,Pass breakup,0,Trey McBride,Rodney Thomas II
SEA,J.Love,ARI,T.McBride,2,Pass breakup,0,Trey McBride,Julian Love
ARI,W.Johnson,SEA,R.Shaheed,2,Pass breakup,0,Rashid Shaheed,Will Johnson
ARI,B.Baker,SEA,J.Smith-Njigba,2,Pass breakup,0,Jaxon Smith-Njigba,Budda Baker
SEA,D.Lawrence,ARI,Mi.Wilson,2,Pass breakup,0,Mi.Wilson,DeMarcus Lawrence
SEA,J.Love,ARI,Mi.Wilson,2,Pass breakup,0,Mi.Wilson,Julian Love
ARI,J.Gibbens,SEA,E.Wilson,2,Pass breakup,0,Emanuel Wilson,Jack Gibbens
WSH,A.Robertson,DAL,R.Flournoy,2,Pass breakup,0,Ryan Flournoy,Amik Robertson
DAL,D.Bland,WSH,T.McLaurin,2,Pass breakup,0,Terry McLaurin,DaRon Bland
DAL,C.Downs,WSH,T.McLaurin,2,Pass breakup,0,Terry McLaurin,Caleb Downs
DAL,C.Durant,WSH,T.McLaurin,2,Pass breakup,0,Terry McLaurin,Cobie Durant
DAL,S.Revel,WSH,T.McLaurin,2,Pass breakup,0,Terry McLaurin,Shavon Revel
WSH,A.Robertson,DAL,C.Lamb,2,Pass breakup,0,CeeDee Lamb,Amik Robertson
SF,G.Halton,ARI,T.McBride,3,Pass breakup,0,Trey McBride,Gracen Halton
SF,R.Green,ARI,Mi.Wilson,3,Pass breakup,0,Mi.Wilson,Renardo Green
ARI,M.Melton,SF,M.Evans,3,Pass breakup,0,Mike Evans,Max Melton
SF,D.Lenoir,ARI,M.Harrison,3,Pass breakup,0,Marvin Harrison Jr.,Deommodore Lenoir
ARI,Z.Collins,SF,K.Black,3,Pass breakup,0,Kaelon Black,Zaven Collins
ARI,D.Burke,SF,M.Evans,3,Pass breakup,0,Mike Evans,Denzel Burke
ARI,D.Burke,SF,J.Cowing,3,Pass breakup,0,Jacob Cowing,Denzel Burke
SF,O.Odighizuwa,ARI,Mi.Wilson,3,Pass breakup,0,Mi.Wilson,Osa Odighizuwa
ARI,Z.Collins,SF,K.Juszczyk,3,Pass breakup,0,Kyle Juszczyk,Zaven Collins
GB,X.McKinney,ATL,J.Dotson,3,Pass breakup,0,Jahan Dotson,Xavier McKinney
ATL,B.Bowman,GB,M.Golden,3,Pass breakup,0,Matthew Golden,Billy Bowman
GB,J.Hargrave,ATL,D.London,3,Pass breakup,0,Drake London,Javon Hargrave
ATL,D.Deablo,GB,S.Moore,3,Pass breakup,0,Skyy Moore,Divine Deablo
ATL,C.Henderson,GB,C.Watson,3,Pass breakup,0,Christian Watson,C.J. Henderson
ATL,C.Henderson,GB,M.Golden,3,Pass breakup,0,Matthew Golden,C.J. Henderson
ATL,C.Henderson,GB,M.Golden,3,Pass breakup,0,Matthew Golden,C.J. Henderson
ATL,J.Bates,GB,T.Kraft,3,Pass breakup,0,Tucker Kraft,Jessie Bates III
ATL,B.Trice,GB,K.Johnson,3,Pass breakup,0,Kaleb Johnson,Bralen Trice
ATL,B.Bowman,GB,S.Moore,3,Pass breakup,0,Skyy Moore,Billy Bowman
ATL,X.Watts,GB,J.Smith,3,Pass breakup,0,Jonnu Smith,Xavier Watts
BAL,K.Hamilton,DAL,J.Ferguson,3,Pass breakup,0,Jake Ferguson,Kyle Hamilton
DAL,A.Clark,BAL,D.Walker,3,Pass breakup,0,Devontez Walker,Alijah Clark
BAL,M.Humphrey,DAL,C.Lamb,3,Pass breakup,0,CeeDee Lamb,Marlon Humphrey
BAL,K.Hamilton,DAL,J.Williams,3,Pass breakup,0,Javonte Williams,Kyle Hamilton
BAL,T.Robinson,DAL,G.Pickens,3,Pass breakup,0,George Pickens,Tavius Robinson
BAL,N.Wiggins,DAL,G.Pickens,3,Pass breakup,0,George Pickens,Nate Wiggins
CAR,D.Brown,CLE,K.Concepcion,3,Pass breakup,0,KC Concepcion,Derrick Brown
CAR,W.Lee,CLE,K.Concepcion,3,Pass breakup,0,KC Concepcion,Will Lee
CAR,A.Evans,CLE,D.Boston,3,Pass breakup,0,Denzel Boston,Akayleb Evans
CLE,M.Blackmon,CAR,J.Coker,3,Pass breakup,0,Jalen Coker,Mekhi Blackmon
CAR,L.Ransom,CLE,K.Concepcion,3,Pass breakup,0,KC Concepcion,Lathan Ransom
CLE,M.Harden,CAR,D.Waller,3,Pass breakup,0,Darren Waller,Myles Harden
CLE,D.Ward,CAR,J.Metchie,3,Pass breakup,0,John Metchie III,Denzel Ward
CLE,D.Barnett,CAR,D.Waller,3,Pass breakup,0,Darren Waller,Derek Barnett
CIN,D.Turner,PIT,D.Metcalf,3,Pass breakup,0,DK Metcalf,DJ Turner
PIT,A.Samuel,CIN,J.Chase,3,Pass breakup,0,Ja'Marr Chase,Asante Samuel Jr.
PIT,D.Everette,CIN,D.Meyers,3,Pass breakup,0,Dohnte Meyers,Daylen Everette
CIN,B.Carter,PIT,D.Washington,3,Pass breakup,0,Darnell Washington,Barrett Carter
CIN,J.Battle,PIT,R.Wilson,3,Pass breakup,0,Roman Wilson,Jordan Battle
PIT,P.Queen,CIN,D.Sample,3,Pass breakup,0,Drew Sample,Patrick Queen
PIT,J.Dean,CIN,T.Higgins,3,Pass breakup,0,Tee Higgins,Jamel Dean
CIN,T.Davis,PIT,P.Freiermuth,3,Pass breakup,0,Pat Freiermuth,Tacario Davis
CIN,D.Hill,PIT,R.Wilson,3,Pass breakup,0,Roman Wilson,Daxton Hill
PIT,P.Wilson,CIN,J.Chase,3,Pass breakup,0,Ja'Marr Chase,Payton Wilson
HOU,J.Pitre,IND,J.Downs,3,Pass breakup,0,Josh Downs,Jalen Pitre
HOU,D.Hunter,IND,J.Downs,3,Pass breakup,0,Josh Downs,Danielle Hunter
IND,J.Walley,HOU,L.Bond,3,Pass breakup,0,Lewis Bond,Justin Walley
HOU,R.Blankenship,IND,K.Allen,3,Pass breakup,0,Keenan Allen,Reed Blankenship
IND,C.Ward,HOU,J.Wayne,3,Pass breakup,0,Jared Wayne,Charvarius Ward
HOU,R.Blankenship,IND,J.Downs,3,Pass breakup,0,Josh Downs,Reed Blankenship
IND,A.Davis-Gaither,HOU,X.Hutchinson,3,Pass breakup,0,Xavier Hutchinson,Akeem Davis-Gaither
IND,J.Walley,HOU,F.Moreau,3,Pass breakup,0,Foster Moreau,Justin Walley
KC,M.Delane,MIA,M.Washington,3,Pass breakup,0,Malik Washington,Mansoor Delane
MIA,D.Trader,KC,R.Rice,3,Pass breakup,0,Rashee Rice,Dante Trader
KC,J.Hicks,MIA,K.Coleman,3,Pass breakup,0,Kevin Coleman Jr.,Jaden Hicks
KC,N.Bolton,MIA,G.Dulcich,3,Pass breakup,0,Greg Dulcich,Nick Bolton
KC,N.Williams,MIA,K.Coleman,3,Pass breakup,0,Kevin Coleman Jr.,Nohl Williams
KC,C.Jones,MIA,R.Miller,3,Pass breakup,0,Ryan Miller,Chris Jones
BUF,M.Hairston,LAC,A.Ingold,3,Pass breakup,0,Alec Ingold,Maxwell Hairston
LAC,T.Jefferson,BUF,D.Kincaid,3,Pass breakup,0,Dalton Kincaid,Tony Jefferson
LAC,G.Smith,BUF,D.Moore,3,Pass breakup,0,DJ Moore,Genesis Smith
LAC,G.Smith,BUF,D.Moore,3,Pass breakup,0,DJ Moore,Genesis Smith
BUF,C.Benford,LAC,T.Harris,3,Pass breakup,0,Tre' Harris,Christian Benford
BUF,C.Gardner-Johnson,LAC,Q.Johnston,3,Pass breakup,0,Quentin Johnston,C.J. Gardner-Johnson
LAC,D.Jackson,BUF,K.Shakir,3,Pass breakup,0,Khalil Shakir,Donte Jackson
BUF,L.Jackson,LAC,O.Hampton,3,Pass breakup,0,Omarion Hampton,Landon Jackson
BUF,D.Igbinosun,LAC,Q.Johnston,3,Pass breakup,0,Quentin Johnston,Davison Igbinosun
BUF,D.Walker,LAC,O.Gadsden,3,Pass breakup,0,Oronde Gadsden,Deone Walker
BUF,C.Gardner-Johnson,LAC,M.Valdes-Scantling,3,Pass breakup,0,Marquez Valdes-Scantling,C.J. Gardner-Johnson
LAC,T.Dye,BUF,K.Shakir,3,Pass breakup,0,Khalil Shakir,Troy Dye
DEN,T.Hufanga,LAR,T.Ferguson,3,Pass breakup,0,Terrance Ferguson,Talanoa Hufanga
DEN,B.Jones,LAR,C.Parkinson,3,Pass breakup,0,Colby Parkinson,Brandon Jones
LAR,J.Watson,DEN,J.Waddle,3,Pass breakup,0,Jaylen Waddle,Jaylen Watson
LAR,Q.Lake,DEN,C.Sutton,3,Pass breakup,0,Courtland Sutton,Quentin Lake
LAR,J.Watson,DEN,J.Waddle,3,Pass breakup,0,Jaylen Waddle,Jaylen Watson
LAR,T.McDuffie,DEN,J.Waddle,3,Pass breakup,0,Jaylen Waddle,Trent McDuffie
DEN,M.Roach,LAR,B.Corum,3,Pass breakup,0,Blake Corum,Malcolm Roach
DEN,J.Strnad,LAR,D.Allen,3,Pass breakup,0,Davis Allen,Justin Strnad
LAR,K.Turner,DEN,C.Sutton,3,Pass breakup,0,Courtland Sutton,Kobie Turner
LAR,J.Wallace,DEN,E.Engram,3,Pass breakup,0,Evan Engram,Josh Wallace
DEN,T.Hufanga,LAR,K.Williams,3,Pass breakup,0,Kyren Williams,Talanoa Hufanga
LAR,P.Ford,DEN,J.Dobbins,3,Pass breakup,0,J.K. Dobbins,Poona Ford
DEN,R.Moss,LAR,K.Mumpfield,3,Pass breakup,0,Konata Mumpfield,Riley Moss
DEN,T.Hufanga,LAR,D.Adams,3,Pass breakup,0,Davante Adams,Talanoa Hufanga
NO,K.McKinstry,LV,C.White,3,Pass breakup,0,Cody White,Kool-Aid McKinstry
NO,K.McKinstry,LV,B.Bowers,3,Pass breakup,0,Brock Bowers,Kool-Aid McKinstry
LV,M.Crosby,NO,C.Olave,3,Pass breakup,0,Chris Olave,Maxx Crosby
NO,A.Jennings,LV,B.Bowers,3,Pass breakup,0,Brock Bowers,Anfernee Jennings
LV,T.Johnson,NO,D.Vele,3,Pass breakup,0,Devaughn Vele,Taron Johnson
LV,N.Dean,NO,C.Olave,3,Pass breakup,0,Chris Olave,Nakobe Dean
LV,H.Masses,NO,B.Lance,3,Pass breakup,0,Bryce Lance,Hezekiah Masses
MIN,J.Metellus,TB,J.McMillan,3,Pass breakup,0,Jalen McMillan,Josh Metellus
TB,Z.McCollum,MIN,T.Felton,3,Pass breakup,0,Tai Felton,Zyon McCollum
MIN,J.Redmond,TB,T.Hurst,3,Pass breakup,0,Ted Hurst III,Jalen Redmond
MIN,E.Wilson,TB,C.Otton,3,Pass breakup,0,Cade Otton,Eric Wilson
TB,V.Vea,MIN,T.Felton,3,Pass breakup,0,Tai Felton,Vita Vea
TB,Z.McCollum,MIN,J.Addison,3,Pass breakup,0,Jordan Addison,Zyon McCollum
TB,V.Vea,MIN,J.Addison,3,Pass breakup,0,Jordan Addison,Vita Vea
MIN,T.Ingram-Dawkins,TB,B.Irving,3,Pass breakup,0,Bucky Irving,Tyrion Ingram-Dawkins
TB,K.Scott,MIN,J.Jennings,3,Pass breakup,0,Jauan Jennings,Keionte Scott
MIN,A.Van Ginkel,TB,K.Gainwell,3,Pass breakup,0,Kenny Gainwell,Andrew Van Ginkel
MIN,B.Cashman,TB,K.Gainwell,3,Pass breakup,0,Kenny Gainwell,Blake Cashman
NE,C.Davis,JAX,A.Abdullah,3,Pass breakup,0,Ameer Abdullah,Carlton Davis
NE,J.Reed,JAX,B.Strange,3,Pass breakup,0,Brenton Strange,Jaylen Reed
NE,M.Jones,JAX,N.Boerkircher,3,Pass breakup,0,Nate Boerkircher,Marcus Jones
JAX,V.Miller,NE,D.Douglas,3,Pass breakup,0,DeMario Douglas,Ventrell Miller
NE,M.Jones,JAX,J.Meyers,3,Pass breakup,0,Jakobi Meyers,Marcus Jones
JAX,M.Brown,NE,R.Doubs,3,Pass breakup,0,Romeo Doubs,Montaric Brown
NE,C.Gonzalez,JAX,B.Strange,3,Pass breakup,0,Brenton Strange,Christian Gonzalez
JAX,J.Jones,NE,K.Williams,3,Pass breakup,0,Kyle Williams,Jarrian Jones
DET,D.Reed,NYJ,K.Sadiq,3,Pass breakup,0,Kenyon Sadiq,D.J. Reed
DET,E.Rakestraw,NYJ,G.Wilson,3,Pass breakup,0,Garrett Wilson,Ennis Rakestraw
NYJ,D.Belton,DET,S.LaPorta,3,Pass breakup,0,Sam LaPorta,Dane Belton
PHI,N.Smith,CHI,R.Odunze,3,Pass breakup,0,Rome Odunze,Nolan Smith
PHI,Q.Mitchell,CHI,L.Burden,3,Pass breakup,0,Luther Burden III,Quinyon Mitchell
CHI,D.Thieneman,PHI,D.Wicks,3,Pass breakup,0,Dontayvion Wicks,Dillon Thieneman
CHI,T.Edwards,PHI,Z.Ertz,3,Pass breakup,0,Zach Ertz,T.J. Edwards
PHI,Q.Mitchell,CHI,R.Odunze,3,Pass breakup,0,Rome Odunze,Quinyon Mitchell
CHI,T.Edwards,PHI,W.Shipley,3,Pass breakup,0,Will Shipley,T.J. Edwards
PHI,C.DeJean,CHI,L.Burden,3,Pass breakup,0,Luther Burden III,Cooper DeJean
PHI,C.DeJean,CHI,D.Swift,3,Pass breakup,0,D'Andre Swift,Cooper DeJean
CHI,T.Edwards,PHI,D.Smith,3,Pass breakup,0,DeVonta Smith,T.J. Edwards
PHI,Z.Baun,CHI,L.Burden,3,Pass breakup,0,Luther Burden III,Zack Baun
WSH,A.Robertson,SEA,A.Barner,3,Pass breakup,0,AJ Barner,Amik Robertson
WSH,A.Robertson,SEA,C.Kupp,3,Pass breakup,0,Cooper Kupp,Amik Robertson
SEA,U.Nwosu,WSH,S.Diggs,3,Pass breakup,0,Stefon Diggs,Uchenna Nwosu
WSH,A.Robertson,SEA,J.Smith-Njigba,3,Pass breakup,0,Jaxon Smith-Njigba,Amik Robertson
WSH,A.Robertson,SEA,A.Barner,3,Pass breakup,0,AJ Barner,Amik Robertson
WSH,J.Reaves,SEA,A.Barner,3,Pass breakup,0,AJ Barner,Jeremy Reaves
WSH,S.Styles,SEA,J.Price,3,Pass breakup,0,Jadarian Price,Sonny Styles
SEA,E.Jones,WSH,A.Williams,3,Pass breakup,0,Antonio Williams,Ernest Jones
WSH,T.Settle,SEA,J.Smith-Njigba,3,Pass breakup,0,Jaxon Smith-Njigba,Tim Settle
SEA,R.Thomas,WSH,T.McLaurin,3,Pass breakup,0,Terry McLaurin,Rodney Thomas II
WSH,R.Douglas,SEA,J.Price,3,Pass breakup,0,Jadarian Price,Rasul Douglas
WSH,K.Medrano,SEA,A.Barner,3,Pass breakup,0,AJ Barner,Kain Medrano
NYG,G.Newsome,TEN,W.Robinson,3,Pass breakup,0,Wan'Dale Robinson,Greg Newsome II
TEN,A.Hooker,NYG,O.Beckham,3,Pass breakup,0,Odell Beckham Jr.,Amani Hooker
NYG,J.Holland,TEN,W.Robinson,3,Pass breakup,0,Wan'Dale Robinson,Jevon Holland
NYG,T.Edmunds,TEN,G.Helm,3,Pass breakup,0,Gunnar Helm,Tremaine Edmunds
TEN,C.Barton,NYG,I.Likely,3,Pass breakup,0,Isaiah Likely,Cody Barton
TEN,J.Franklin-Myers,NYG,M.Nabers,3,Pass breakup,0,Malik Nabers,John Franklin-Myers
NYG,G.Newsome,TEN,E.Ayomanor,3,Pass breakup,0,Elic Ayomanor,Greg Newsome II
NYG,A.Reese,TEN,W.Robinson,3,Pass breakup,0,Wan'Dale Robinson,Arvell Reese
NYG,J.Holland,TEN,E.Ayomanor,3,Pass breakup,0,Elic Ayomanor,Jevon Holland
NYG,T.Nubin,ARI,T.McBride,4,Pass breakup,0,Trey McBride,Tyler Nubin
NYG,A.Reese,ARI,M.Harrison,4,Pass breakup,0,Marvin Harrison Jr.,Arvell Reese
ARI,B.Baker,NYG,D.Mooney,4,Pass breakup,0,Darnell Mooney,Budda Baker
NYG,D.Banks,ARI,Mi.Wilson,4,Pass breakup,0,Mi.Wilson,Deonte Banks
ARI,G.Williams,NYG,B.Berrios,4,Pass breakup,0,Braxton Berrios,Garrett Williams
NYG,A.Reese,ARI,M.Harrison,4,Pass breakup,0,Marvin Harrison Jr.,Arvell Reese
NYG,S.Harris,ARI,Mi.Wilson,4,Pass breakup,0,Mi.Wilson,Shelby Harris
ARI,D.Burke,NYG,M.Fields,4,Pass breakup,0,Malachi Fields,Denzel Burke
ARI,B.Baker,NYG,I.Likely,4,Pass breakup,0,Isaiah Likely,Budda Baker
NYG,D.Banks,ARI,M.Harrison,4,Pass breakup,0,Marvin Harrison Jr.,Deonte Banks
NYG,G.Newsome,ARI,Mi.Wilson,4,Pass breakup,0,Mi.Wilson,Greg Newsome II
NYG,A.Phillips,ARI,T.McBride,4,Pass breakup,0,Trey McBride,Andru Phillips
NYG,T.Nubin,ARI,T.McBride,4,Pass breakup,0,Trey McBride,Tyler Nubin
NYG,A.Phillips,ARI,Mi.Wilson,4,Pass breakup,0,Mi.Wilson,Andru Phillips
NYG,D.Banks,ARI,T.McBride,4,Pass breakup,0,Trey McBride,Deonte Banks
NYG,D.Banks,ARI,Mi.Wilson,4,Pass breakup,0,Mi.Wilson,Deonte Banks
ATL,C.Henderson,NO,C.Olave,4,Pass breakup,0,Chris Olave,C.J. Henderson
NO,C.Young,ATL,Bi.Robinson,4,Pass breakup,0,Bi.Robinson,Chase Young
ATL,S.Brown,NO,D.Vele,4,Pass breakup,0,Devaughn Vele,Sydney Brown
NO,F.Diggs,ATL,C.Woerner,4,Pass breakup,0,Charlie Woerner,Fadil Diggs
ATL,C.Thomas,NO,D.Vele,4,Pass breakup,0,Devaughn Vele,Cameron Thomas
ATL,Y.Abdullah,NO,A.Kamara,4,Pass breakup,0,Alvin Kamara,Yasir Abdullah
ATL,M.Hughes,NO,B.Lance,4,Pass breakup,0,Bryce Lance,Mike Hughes
ATL,H.Perkins,NO,J.Johnson,4,Pass breakup,0,Juwan Johnson,Harold Perkins
ATL,J.Bates,NO,J.Johnson,4,Pass breakup,0,Juwan Johnson,Jessie Bates III
ATL,D.Hellams,NO,C.Olave,4,Pass breakup,0,Chris Olave,DeMarcco Hellams
HOU,D.Stingley,DAL,C.Lamb,4,Pass breakup,0,CeeDee Lamb,Derek Stingley Jr.
HOU,K.Lassiter,DAL,J.Ferguson,4,Pass breakup,0,Jake Ferguson,Kamari Lassiter
DAL,M.Hooker,HOU,X.Hutchinson,4,Pass breakup,0,Xavier Hutchinson,Malik Hooker
HOU,T.Togiai,DAL,T.Goodson,4,Pass breakup,0,Tyler Goodson,Tommy Togiai
HOU,K.Lassiter,DAL,J.Mingo,4,Pass breakup,0,Jonathan Mingo,Kamari Lassiter
HOU,D.Stingley,DAL,C.Lamb,4,Pass breakup,0,CeeDee Lamb,Derek Stingley Jr.
HOU,J.Pitre,DAL,C.Lamb,4,Pass breakup,0,CeeDee Lamb,Jalen Pitre
SF,F.Warner,DEN,E.Engram,4,Pass breakup,0,Evan Engram,Fred Warner
SF,M.Mustapha,DEN,E.Engram,4,Pass breakup,0,Evan Engram,Malik Mustapha
DEN,D.Jones,SF,D.Samuel,4,Pass breakup,0,Deebo Samuel Sr.,D.J. Jones
DEN,J.Barron,SF,B.Cooks,4,Pass breakup,0,Brandin Cooks,Jahdae Barron
SF,F.Warner,DEN,A.Trautman,4,Pass breakup,0,Adam Trautman,Fred Warner
DEN,M.Roach,SF,C.McCaffrey,4,Pass breakup,0,Christian McCaffrey,Malcolm Roach
CAR,B.Okereke,DET,I.TeSlaa,4,Pass breakup,0,Isaac TeSlaa,Bobby Okereke
CAR,L.Ransom,DET,J.Gibbs,4,Pass breakup,0,Jahmyr Gibbs,Lathan Ransom
DET,R.McCreary,CAR,J.Metchie,4,Pass breakup,0,John Metchie III,Roger McCreary
CAR,A.Evans,DET,I.TeSlaa,4,Pass breakup,0,Isaac TeSlaa,Akayleb Evans
CAR,D.Brown,DET,S.LaPorta,4,Pass breakup,0,Sam LaPorta,Derrick Brown
DET,E.Rakestraw,CAR,J.Reed,4,Pass breakup,0,Ja'seem Reed,Ennis Rakestraw
CAR,B.Brown,DET,A.St. Brown,4,Pass breakup,0,A.St. Brown,Bobby Brown
CAR,D.Brown,DET,I.TeSlaa,4,Pass breakup,0,Isaac TeSlaa,Derrick Brown
GB,E.Williams,TB,E.Egbuka,4,Pass breakup,0,Emeka Egbuka,Evan Williams
TB,J.Parrish,GB,M.Golden,4,Pass breakup,0,Matthew Golden,Jacob Parrish
GB,E.Williams,TB,C.Otton,4,Pass breakup,0,Cade Otton,Evan Williams
GB,E.Cooper,TB,K.Johnson,4,Pass breakup,0,Kameron Johnson,Edgerrin Cooper
GB,K.Nixon,TB,E.Egbuka,4,Pass breakup,0,Emeka Egbuka,Keisean Nixon
TB,J.Parrish,GB,M.Golden,4,Pass breakup,0,Matthew Golden,Jacob Parrish
GB,K.Nixon,TB,T.Hurst,4,Pass breakup,0,Ted Hurst III,Keisean Nixon
WSH,J.Kinlaw,IND,J.Taylor,4,Pass breakup,0,Jonathan Taylor,Javon Kinlaw
IND,J.Tuimoloau,WSH,C.Okonkwo,4,Pass breakup,0,Chig Okonkwo,JT Tuimoloau
IND,A.Haulcy,WSH,C.Okonkwo,4,Pass breakup,0,Chig Okonkwo,A.J. Haulcy
WSH,R.Douglas,IND,A.Dulin,4,Pass breakup,0,Ashton Dulin,Rasul Douglas
IND,C.Ward,WSH,A.Williams,4,Pass breakup,0,Antonio Williams,Charvarius Ward
IND,J.Carlies,WSH,A.Williams,4,Pass breakup,0,Antonio Williams,Jaylon Carlies
IND,C.Bynum,WSH,S.Diggs,4,Pass breakup,0,Stefon Diggs,Camryn Bynum
WSH,J.Kinlaw,IND,J.Downs,4,Pass breakup,0,Josh Downs,Javon Kinlaw
WSH,A.Robertson,IND,D.Burks,4,Pass breakup,0,Deion Burks,Amik Robertson
IND,D.Buckner,WSH,S.Diggs,4,Pass breakup,0,Stefon Diggs,DeForest Buckner
IND,C.Ward,WSH,D.Brown,4,Pass breakup,0,Dyami Brown,Charvarius Ward
IND,C.Taylor-Britt,WSH,S.Diggs,4,Pass breakup,0,Stefon Diggs,Cam Taylor-Britt
IND,C.Ward,WSH,T.Burks,4,Pass breakup,0,Treylon Burks,Charvarius Ward
CIN,B.Carter,JAX,P.Washington,4,Pass breakup,0,Parker Washington,Barrett Carter
CIN,D.Ivey,JAX,J.Meyers,4,Pass breakup,0,Jakobi Meyers,DJ Ivey
JAX,J.Lewis,CIN,D.Meyers,4,Pass breakup,0,Dohnte Meyers,Jourdan Lewis
JAX,J.Jones,CIN,T.Higgins,4,Pass breakup,0,Tee Higgins,Jarrian Jones
JAX,J.Jones,CIN,T.Higgins,4,Pass breakup,0,Tee Higgins,Jarrian Jones
CIN,D.Turner,JAX,P.Washington,4,Pass breakup,0,Parker Washington,DJ Turner
JAX,R.Lane,CIN,M.Gesicki,4,Pass breakup,0,Mike Gesicki,Rayuan Lane
JAX,F.Oluokun,CIN,M.Tinsley,4,Pass breakup,0,Mitchell Tinsley,Foyesade Oluokun
JAX,J.Jones,CIN,T.Higgins,4,Pass breakup,0,Tee Higgins,Jarrian Jones
LV,E.Stokes,KC,J.Royals,4,Pass breakup,0,Jalen Royals,Eric Stokes
LV,H.Masses,KC,T.Thornton,4,Pass breakup,0,Tyquan Thornton,Hezekiah Masses
KC,C.Conner,LV,B.Bowers,4,Pass breakup,0,Brock Bowers,Chamarri Conner
KC,L.Sneed,LV,B.Bowers,4,Pass breakup,0,Brock Bowers,L'Jarius Sneed
KC,D.Tranquill,LV,A.Jeanty,4,Pass breakup,0,Ashton Jeanty,Drue Tranquill
LV,T.Hemingway,KC,T.Kelce,4,Pass breakup,0,Travis Kelce,Tonka Hemingway
LV,H.Masses,KC,T.Thornton,4,Pass breakup,0,Tyquan Thornton,Hezekiah Masses
LV,T.Johnson,KC,X.Worthy,4,Pass breakup,0,Xavier Worthy,Taron Johnson
KC,N.Williams,LV,T.Tucker,4,Pass breakup,0,Tre Tucker,Nohl Williams
KC,M.Delane,LV,C.White,4,Pass breakup,0,Cody White,Mansoor Delane
KC,G.Karlaftis,LV,M.Mayer,4,Pass breakup,0,Michael Mayer,George Karlaftis III
SEA,D.Thomas,LAC,O.Gadsden,4,Pass breakup,0,Oronde Gadsden,Drake Thomas
LAC,T.Tuipulotu,SEA,E.Wilson,4,Pass breakup,0,Emanuel Wilson,Tuli Tuipulotu
SEA,J.Love,LAC,O.Gadsden,4,Pass breakup,0,Oronde Gadsden,Julian Love
LAC,T.Still,SEA,C.Kupp,4,Pass breakup,0,Cooper Kupp,Tarheeb Still
SEA,E.Jones,LAC,L.McConkey,4,Pass breakup,0,Ladd McConkey,Ernest Jones
SEA,N.Pritchett,LAC,M.Valdes-Scantling,4,Pass breakup,0,Marquez Valdes-Scantling,Nehemiah Pritchett
SEA,N.Emmanwori,LAC,J.Herbert,4,Pass breakup,0,Justin Herbert,Nick Emmanwori
LAC,T.Still,SEA,J.Smith-Njigba,4,Pass breakup,0,Jaxon Smith-Njigba,Tarheeb Still
LAC,C.Hart,SEA,A.Barner,4,Pass breakup,0,AJ Barner,Cam Hart
PHI,A.Mukuba,LAR,K.Mumpfield,4,Pass breakup,0,Konata Mumpfield,Andrew Mukuba
PHI,J.Trotter,LAR,B.Corum,4,Pass breakup,0,Blake Corum,Jeremiah Trotter Jr.
PHI,M.Carter,LAR,D.Adams,4,Pass breakup,0,Davante Adams,Michael Carter II
LAR,K.Kinchens,PHI,W.Shipley,4,Pass breakup,0,Will Shipley,Kamren Kinchens
PHI,J.Hunt,LAR,D.Allen,4,Pass breakup,0,Davis Allen,Jalyx Hunt
PHI,C.DeJean,LAR,J.Whittington,4,Pass breakup,0,Jordan Whittington,Cooper DeJean
PHI,M.Carter,LAR,K.Mumpfield,4,Pass breakup,0,Konata Mumpfield,Michael Carter II
PHI,M.Carter,LAR,P.Nacua,4,Pass breakup,0,Puka Nacua,Michael Carter II
LAR,K.Turner,PHI,M.Lemon,4,Pass breakup,0,Makai Lemon,Kobie Turner
LAR,K.Curl,PHI,Z.Ertz,4,Pass breakup,0,Zach Ertz,Kamren Curl
PHI,J.Jones,LAR,D.Adams,4,Pass breakup,0,Davante Adams,Jonathan Jones
MIN,J.Metellus,MIA,K.Coleman,4,Pass breakup,0,Kevin Coleman Jr.,Josh Metellus
MIA,J.Brooks,MIN,A.Jones,4,Pass breakup,0,Aaron Jones Sr.,Jordyn Brooks
MIN,T.Ingram-Dawkins,MIA,K.Coleman,4,Pass breakup,0,Kevin Coleman Jr.,Tyrion Ingram-Dawkins
MIN,I.Rodgers,MIA,K.Coleman,4,Pass breakup,0,Kevin Coleman Jr.,Isaiah Rodgers
MIN,H.Smith,MIA,C.Bell,4,Pass breakup,0,Chris Bell,Harrison Smith
NE,K.Byard,BUF,D.Kincaid,4,Pass breakup,0,Dalton Kincaid,Kevin Byard
BUF,D.Igbinosun,NE,R.Stevenson,4,Pass breakup,0,Rhamondre Stevenson,Davison Igbinosun
BUF,G.Rousseau,NE,E.Chism,4,Pass breakup,0,Efton Chism III,Gregory Rousseau
NE,M.Jones,BUF,K.Coleman,4,Pass breakup,0,Keon Coleman,Marcus Jones
BUF,M.Hoecht,NE,K.Williams,4,Pass breakup,0,Kyle Williams,Michael Hoecht
BUF,G.Rousseau,NE,R.Doubs,4,Pass breakup,0,Romeo Doubs,Gregory Rousseau
BUF,M.Hairston,NE,R.Doubs,4,Pass breakup,0,Romeo Doubs,Maxwell Hairston
NE,C.Woodson,BUF,J.Palmer,4,Pass breakup,0,Joshua Palmer,Craig Woodson
NYJ,J.Sherwood,CHI,C.Loveland,4,Pass breakup,0,Colston Loveland,Jamien Sherwood
CHI,D.Odeyingbo,NYJ,K.Sadiq,4,Pass breakup,0,Kenyon Sadiq,Dayo Odeyingbo
NYJ,M.Fitzpatrick,CHI,C.Loveland,4,Pass breakup,0,Colston Loveland,Minkah Fitzpatrick
NYJ,D.Belton,CHI,C.Loveland,4,Pass breakup,0,Colston Loveland,Dane Belton
CHI,M.Muhammad,NYJ,G.Wilson,4,Pass breakup,0,Garrett Wilson,Malik Muhammad
NYJ,A.Thomas,CHI,L.Burden,4,Pass breakup,0,Luther Burden III,Azareye'h Thomas
NYJ,B.Stephens,CHI,L.Burden,4,Pass breakup,0,Luther Burden III,Brandon Stephens
PIT,J.Dean,CLE,D.Boston,4,Pass breakup,0,Denzel Boston,Jamel Dean
PIT,A.Samuel,CLE,D.Boston,4,Pass breakup,0,Denzel Boston,Asante Samuel Jr.
CLE,S.Williams,PIT,M.Pittman,4,Pass breakup,0,Michael Pittman Jr.,Sam Williams
CLE,E.McNeil-Warren,PIT,D.Metcalf,4,Pass breakup,0,DK Metcalf,Emmanuel McNeil-Warren
CLE,T.Campbell,PIT,M.Pittman,4,Pass breakup,0,Michael Pittman Jr.,Tyson Campbell
PIT,R.Spears-Jennings,CLE,K.Concepcion,4,Pass breakup,0,KC Concepcion,Robert Spears-Jennings
CLE,Q.Williams,PIT,J.Warren,4,Pass breakup,0,Jaylen Warren,Quincy Williams
PIT,D.Everette,CLE,K.Concepcion,4,Pass breakup,0,KC Concepcion,Daylen Everette
PIT,T.Watt,CLE,Q.Judkins,4,Pass breakup,0,Quinshon Judkins,T.J. Watt
CLE,E.McNeil-Warren,PIT,D.Metcalf,4,Pass breakup,0,DK Metcalf,Emmanuel McNeil-Warren
PIT,J.Sawyer,CLE,D.Boston,4,Pass breakup,0,Denzel Boston,Jack Sawyer
CLE,R.Hickman,PIT,D.Washington,4,Pass breakup,0,Darnell Washington,Ronnie Hickman
CLE,G.Delpit,PIT,R.Wilson,4,Pass breakup,0,Roman Wilson,Grant Delpit
BAL,T.Simpson,TEN,T.Pollard,4,Pass breakup,0,Tony Pollard,Trenton Simpson
BAL,K.Hamilton,TEN,C.Tate,4,Pass breakup,0,Carnell Tate,Kyle Hamilton
TEN,J.Simmons,BAL,Z.Flowers,4,Pass breakup,0,Zay Flowers,Jeffery Simmons
BAL,C.Awuzie,TEN,C.Ridley,4,Pass breakup,0,Calvin Ridley,Chidobe Awuzie
TB,C.Rozeboom,DAL,B.Spann-Ford,5,Pass breakup,0,Brevyn Spann-Ford,Christian Rozeboom
TB,J.Parrish,DAL,G.Pickens,5,Pass breakup,0,George Pickens,Jacob Parrish
TB,J.Parrish,DAL,G.Pickens,5,Pass breakup,0,George Pickens,Jacob Parrish
TB,Z.McCollum,DAL,C.Lamb,5,Pass breakup,0,CeeDee Lamb,Zyon McCollum
TB,K.Scott,DAL,K.Turpin,5,Pass breakup,0,KaVontae Turpin,Keionte Scott
TB,Z.McCollum,DAL,G.Pickens,5,Pass breakup,0,George Pickens,Zyon McCollum
DAL,M.Bell,TB,E.Egbuka,5,Pass breakup,0,Emeka Egbuka,Markquese Bell
TB,Y.Diaby,DAL,R.Flournoy,5,Pass breakup,0,Ryan Flournoy,YaYa Diaby
DAL,M.Lawrence,TB,K.Gainwell,5,Pass breakup,0,Kenny Gainwell,Malachi Lawrence
TB,J.Parrish,DAL,G.Pickens,5,Pass breakup,0,George Pickens,Jacob Parrish
TB,J.Parrish,DAL,J.Mingo,5,Pass breakup,0,Jonathan Mingo,Jacob Parrish
DAL,D.Bland,TB,E.Egbuka,5,Pass breakup,0,Emeka Egbuka,DaRon Bland
TB,A.Anzalone,DAL,J.Ferguson,5,Pass breakup,0,Jake Ferguson,Alex Anzalone
MIN,J.Pierre,GB,C.Watson,1,Pass breakup,0,Christian Watson,James Pierre
SEA,N.Pritchett,NE,R.Doubs,1,Pass breakup,0,Romeo Doubs,Nehemiah Pritchett
CAR,B.Okereke,ATL,Bi.Robinson,2,Pass breakup,0,Bi.Robinson,Bobby Okereke
CAR,D.Lloyd,ATL,J.Dotson,2,Pass breakup,0,Jahan Dotson,Devin Lloyd
MIN,J.Metellus,CHI,S.Roush,2,Pass breakup,0,Sam Roush,Josh Metellus
NE,G.Jacas,PIT,G.Bernard,2,Pass breakup,0,Germie Bernard,Gabe Jacas
SF,J.Brown,ARI,Mi.Wilson,3,Pass breakup,0,Mi.Wilson,Ji'Ayir Brown
CLE,R.Hickman,CAR,D.Waller,3,Pass breakup,0,Darren Waller,Ronnie Hickman
IND,G.Stewart,HOU,X.Hutchinson,3,Pass breakup,0,Xavier Hutchinson,Grover Stewart
MIA,J.Rodriguez,KC,R.Rice,3,Pass breakup,0,Rashee Rice,Jacob Rodriguez
KC,G.Karlaftis,MIA,R.Miller,3,Pass breakup,0,Ryan Miller,George Karlaftis III
LAR,J.Wallace,DEN,C.Sutton,3,Pass breakup,0,Courtland Sutton,Josh Wallace
TB,A.Robinson,MIN,J.Addison,3,Pass breakup,0,Jordan Addison,A'Shawn Robinson
NE,M.Jones,JAX,B.Strange,3,Pass breakup,0,Brenton Strange,Marcus Jones
WSH,S.Styles,SEA,J.Smith-Njigba,3,Pass breakup,0,Jaxon Smith-Njigba,Sonny Styles
NYG,G.Newsome,ARI,M.Harrison,4,Pass breakup,0,Marvin Harrison Jr.,Greg Newsome II
NYG,A.Reese,ARI,Mi.Wilson,4,Pass breakup,0,Mi.Wilson,Arvell Reese
KC,C.Jones,LV,C.White,4,Pass breakup,0,Cody White,Chris Jones
KC,X.Nwankpa,LV,M.Mayer,4,Pass breakup,0,Michael Mayer,Xavier Nwankpa
PHI,C.DeJean,LAR,P.Nacua,4,Pass breakup,0,Puka Nacua,Cooper DeJean
NYJ,D.Bailey,CHI,L.Burden,4,Pass breakup,0,Luther Burden III,David Bailey
CLE,D.Ward,PIT,M.Pittman,4,Pass breakup,0,Michael Pittman Jr.,Denzel Ward
PIT,R.Spears-Jennings,CLE,D.Boston,4,Pass breakup,0,Denzel Boston,Robert Spears-Jennings
ARI,A.Wingard,LAC,D.Davis,1,Interception,0,Derius Davis,Andrew Wingard
PIT,J.Brisker,ATL,J.Dotson,1,Interception,0,Jahan Dotson,Jaquan Brisker
PIT,T.Watt,ATL,Bi.Robinson,1,Interception,0,Bi.Robinson,T.J. Watt
BAL,R.Smith,IND,L.Treadwell,1,Interception,0,Laquon Treadwell,Roquan Smith
CHI,M.Muhammad,CAR,J.Coker,1,Interception,0,Jalen Coker,Malik Muhammad
JAX,F.Oluokun,CLE,J.Jeudy,1,Interception,0,Jerry Jeudy,Foyesade Oluokun
KC,M.Delane,DEN,C.Sutton,1,Interception,0,Courtland Sutton,Mansoor Delane
DEN,B.Jones,KC,X.Worthy,1,Interception,0,Xavier Worthy,Brandon Jones
GB,K.Nixon,MIN,J.Jennings,1,Interception,0,Jauan Jennings,Keisean Nixon
MIN,J.Pierre,GB,C.Watson,1,Interception,0,Christian Watson,James Pierre
MIA,M.Taaffe,LV,J.Bech,1,Interception,0,Jack Bech,Michael Taaffe
LV,T.Stukes,MIA,C.Douglas,1,Interception,0,Caleb Douglas,Treydan Stukes
MIA,D.Trader,LV,J.Nailor,1,Interception,0,Jalen Nailor,Dante Trader
SEA,N.Pritchett,NE,R.Doubs,1,Interception,0,Romeo Doubs,Nehemiah Pritchett
SEA,J.Love,NE,D.Douglas,1,Interception,0,DeMario Douglas,Julian Love
SEA,J.Jobe,NE,M.Hollins,1,Interception,0,Mack Hollins,Josh Jobe
DET,C.Clark,NO,N.Fant,1,Interception,0,Noah Fant,Chuck Clark
DET,D.Barnes,NO,N.Fant,1,Interception,0,Noah Fant,Derrick Barnes
LAR,Q.Lake,SF,G.Kittle,1,Interception,0,George Kittle,Quentin Lake
SF,R.Green,LAR,P.Nacua,1,Interception,0,Puka Nacua,Renardo Green
TB,J.Trotter,CIN,A.Iosivas,1,Interception,0,Andrei Iosivas,Josiah Trotter
CAR,B.Okereke,ATL,Bi.Robinson,2,Interception,0,Bi.Robinson,Bobby Okereke
CAR,D.Lloyd,ATL,K.Pitts,2,Interception,0,Kyle Pitts Sr.,Devin Lloyd
CAR,D.Lloyd,ATL,J.Dotson,2,Interception,0,Jahan Dotson,Devin Lloyd
CLE,M.Harden,TB,T.Hurst,2,Interception,0,Ted Hurst III,Myles Harden
KC,K.Fulton,IND,K.Allen,2,Interception,0,Keenan Allen,Kristian Fulton
JAX,J.Lewis,DEN,C.Sutton,2,Interception,0,Courtland Sutton,Jourdan Lewis
DEN,R.Moss,JAX,P.Washington,2,Interception,0,Parker Washington,Riley Moss
LAC,C.Hart,LV,T.Tucker,2,Interception,0,Tre Tucker,Cam Hart
LV,H.Masses,LAC,D.Njoku,2,Interception,0,David Njoku,Hezekiah Masses
LV,H.Masses,LAC,D.Davis,2,Interception,0,Derius Davis,Hezekiah Masses
MIN,B.Murphy,CHI,L.Burden,2,Interception,0,Luther Burden III,Byron Murphy
NO,J.Blackmon,BAL,R.Bateman,2,Interception,0,Rashod Bateman,Julian Blackmon
LAR,T.McDuffie,NYG,M.Nabers,2,Interception,0,Malik Nabers,Trent McDuffie
NYG,J.Holland,LAR,D.Adams,2,Interception,0,Davante Adams,Jevon Holland
TEN,A.Hooker,PHI,D.Smith,2,Interception,0,DeVonta Smith,Amani Hooker
TEN,M.Harris,PHI,D.Smith,2,Interception,0,DeVonta Smith,Marcus Harris
PIT,P.Queen,NE,H.Henry,2,Interception,0,Hunter Henry,Patrick Queen
NE,G.Jacas,PIT,G.Bernard,2,Interception,0,Germie Bernard,Gabe Jacas
SEA,J.Love,ARI,Mi.Wilson,2,Interception,0,Mi.Wilson,Julian Love
GB,X.McKinney,ATL,J.Dotson,3,Interception,0,Jahan Dotson,Xavier McKinney
ATL,X.Watts,GB,J.Smith,3,Interception,0,Jonnu Smith,Xavier Watts
CLE,R.Hickman,CAR,D.Waller,3,Interception,0,Darren Waller,Ronnie Hickman
CIN,J.Battle,PIT,R.Wilson,3,Interception,0,Roman Wilson,Jordan Battle
HOU,R.Blankenship,IND,J.Downs,3,Interception,0,Josh Downs,Reed Blankenship
MIA,J.Rodriguez,KC,R.Rice,3,Interception,0,Rashee Rice,Jacob Rodriguez
KC,G.Karlaftis,MIA,R.Miller,3,Interception,0,Ryan Miller,George Karlaftis III
LAC,G.Smith,BUF,D.Moore,3,Interception,0,DJ Moore,Genesis Smith
LAC,G.Smith,BUF,D.Moore,3,Interception,0,DJ Moore,Genesis Smith
BUF,C.Gardner-Johnson,LAC,M.Valdes-Scantling,3,Interception,0,Marquez Valdes-Scantling,C.J. Gardner-Johnson
LAR,J.Wallace,DEN,C.Sutton,3,Interception,0,Courtland Sutton,Josh Wallace
DEN,T.Hufanga,LAR,K.Williams,3,Interception,0,Kyren Williams,Talanoa Hufanga
DEN,T.Hufanga,LAR,D.Adams,3,Interception,0,Davante Adams,Talanoa Hufanga
LV,H.Masses,NO,B.Lance,3,Interception,0,Bryce Lance,Hezekiah Masses
TB,A.Robinson,MIN,J.Addison,3,Interception,0,Jordan Addison,A'Shawn Robinson
MIN,A.Van Ginkel,TB,K.Gainwell,3,Interception,0,Kenny Gainwell,Andrew Van Ginkel
NE,M.Jones,JAX,B.Strange,3,Interception,0,Brenton Strange,Marcus Jones
JAX,J.Jones,NE,K.Williams,3,Interception,0,Kyle Williams,Jarrian Jones
CHI,D.Thieneman,PHI,D.Wicks,3,Interception,0,Dontayvion Wicks,Dillon Thieneman
CHI,T.Edwards,PHI,D.Smith,3,Interception,0,DeVonta Smith,T.J. Edwards
WSH,S.Styles,SEA,J.Smith-Njigba,3,Interception,0,Jaxon Smith-Njigba,Sonny Styles
WSH,K.Medrano,SEA,A.Barner,3,Interception,0,AJ Barner,Kain Medrano
NYG,J.Holland,TEN,E.Ayomanor,3,Interception,0,Elic Ayomanor,Jevon Holland
NYG,G.Newsome,ARI,M.Harrison,4,Interception,0,Marvin Harrison Jr.,Greg Newsome II
NYG,A.Reese,ARI,Mi.Wilson,4,Interception,0,Mi.Wilson,Arvell Reese
ARI,D.Burke,NYG,M.Fields,4,Interception,0,Malachi Fields,Denzel Burke
ARI,B.Baker,NYG,I.Likely,4,Interception,0,Isaiah Likely,Budda Baker
NYG,D.Banks,ARI,Mi.Wilson,4,Interception,0,Mi.Wilson,Deonte Banks
GB,E.Williams,TB,E.Egbuka,4,Interception,0,Emeka Egbuka,Evan Williams
GB,E.Cooper,TB,K.Johnson,4,Interception,0,Kameron Johnson,Edgerrin Cooper
TB,J.Parrish,GB,M.Golden,4,Interception,0,Matthew Golden,Jacob Parrish
WSH,R.Douglas,IND,A.Dulin,4,Interception,0,Ashton Dulin,Rasul Douglas
IND,J.Carlies,WSH,A.Williams,4,Interception,0,Antonio Williams,Jaylon Carlies
JAX,J.Lewis,CIN,D.Meyers,4,Interception,0,Dohnte Meyers,Jourdan Lewis
JAX,F.Oluokun,CIN,M.Tinsley,4,Interception,0,Mitchell Tinsley,Foyesade Oluokun
KC,X.Nwankpa,LV,M.Mayer,4,Interception,0,Michael Mayer,Xavier Nwankpa
SEA,D.Thomas,LAC,O.Gadsden,4,Interception,0,Oronde Gadsden,Drake Thomas
LAC,T.Tuipulotu,SEA,E.Wilson,4,Interception,0,Emanuel Wilson,Tuli Tuipulotu
SEA,E.Jones,LAC,L.McConkey,4,Interception,0,Ladd McConkey,Ernest Jones
PHI,A.Mukuba,LAR,K.Mumpfield,4,Interception,0,Konata Mumpfield,Andrew Mukuba
PHI,C.DeJean,LAR,P.Nacua,4,Interception,0,Puka Nacua,Cooper DeJean
NE,C.Woodson,BUF,J.Palmer,4,Interception,0,Joshua Palmer,Craig Woodson
NYJ,M.Fitzpatrick,CHI,C.Loveland,4,Interception,0,Colston Loveland,Minkah Fitzpatrick
CLE,D.Ward,PIT,M.Pittman,4,Interception,0,Michael Pittman Jr.,Denzel Ward
PIT,R.Spears-Jennings,CLE,D.Boston,4,Interception,0,Denzel Boston,Robert Spears-Jennings
CLE,G.Delpit,PIT,R.Wilson,4,Interception,0,Roman Wilson,Grant Delpit
BAL,T.Simpson,TEN,T.Pollard,4,Interception,0,Tony Pollard,Trenton Simpson
TB,Y.Diaby,DAL,R.Flournoy,5,Interception,0,Ryan Flournoy,YaYa Diaby
TB,A.Anzalone,DAL,J.Ferguson,5,Interception,0,Jake Ferguson,Alex Anzalone
LAC,E.Molden,ARI,T.McBride,1,Tackled after catch,27,Trey McBride,Elijah Molden
LAC,C.Hart,ARI,K.Bourne,1,Tackled after catch,11,Kendrick Bourne,Cam Hart
ARI,W.Johnson,LAC,L.McConkey,1,Tackled after catch,18,Ladd McConkey,Will Johnson
ARI,B.Baker,LAC,L.McConkey,1,Tackled after catch,23,Ladd McConkey,Budda Baker
ARI,B.Baker,LAC,L.McConkey,1,Tackled after catch,19,Ladd McConkey,Budda Baker
LAC,D.James,ARI,K.Bourne,1,Tackled after catch,10,Kendrick Bourne,Derwin James
LAC,D.Henley,ARI,T.McBride,1,Tackled after catch,10,Trey McBride,Daiyan Henley
LAC,D.James,ARI,J.Love,1,Tackled after catch,5,Jeremiyah Love,Derwin James
ARI,J.Gibbens,LAC,D.Njoku,1,Tackled after catch,12,David Njoku,Jack Gibbens
LAC,T.Dye,ARI,J.Love,1,Tackled after catch,4,Jeremiyah Love,Troy Dye
LAC,D.James,ARI,T.McBride,1,Tackled after catch,6,Trey McBride,Derwin James
LAC,E.Molden,ARI,K.Bourne,1,Tackled after catch,12,Kendrick Bourne,Elijah Molden
LAC,T.Jefferson,ARI,T.Allgeier,1,Tackled after catch,4,Tyler Allgeier,Tony Jefferson
ARI,D.Burke,LAC,L.McConkey,1,Tackled after catch,14,Ladd McConkey,Denzel Burke
ARI,A.Wingard,LAC,O.Gadsden,1,Tackled after catch,26,Oronde Gadsden,Andrew Wingard
LAC,D.James,ARI,T.McBride,1,Tackled after catch,14,Trey McBride,Derwin James
LAC,D.Jackson,ARI,Mi.Wilson,1,Tackled after catch,9,Mi.Wilson,Donte Jackson
LAC,D.Jackson,ARI,Mi.Wilson,1,Tackled after catch,10,Mi.Wilson,Donte Jackson
LAC,D.James,ARI,K.Bourne,1,Tackled after catch,11,Kendrick Bourne,Derwin James
ARI,Z.Collins,LAC,Q.Johnston,1,Tackled after catch,8,Quentin Johnston,Zaven Collins
LAC,C.Hart,ARI,M.Harrison,1,Tackled after catch,33,Marvin Harrison Jr.,Cam Hart
LAC,C.Hart,ARI,K.Bourne,1,Tackled after catch,13,Kendrick Bourne,Cam Hart
LAC,T.Still,ARI,Mi.Wilson,1,Tackled after catch,17,Mi.Wilson,Tarheeb Still
LAC,C.Hart,ARI,Mi.Wilson,1,Tackled after catch,14,Mi.Wilson,Cam Hart
LAC,G.Smith,ARI,T.McBride,1,Tackled after catch,5,Trey McBride,Genesis Smith
ARI,D.Burke,LAC,T.Harris,1,Tackled after catch,6,Tre' Harris,Denzel Burke
LAC,G.Smith,ARI,K.Bourne,1,Tackled after catch,5,Kendrick Bourne,Genesis Smith
LAC,C.Hart,ARI,K.Bourne,1,Tackled after catch,4,Kendrick Bourne,Cam Hart
ARI,D.Burke,LAC,Q.Johnston,1,Tackled after catch,9,Quentin Johnston,Denzel Burke
LAC,D.James,ARI,T.McBride,1,Tackled after catch,6,Trey McBride,Derwin James
ARI,D.Burke,LAC,D.Njoku,1,Tackled after catch,12,David Njoku,Denzel Burke
ARI,B.Baker,LAC,T.Harris,1,Tackled after catch,11,Tre' Harris,Budda Baker
PIT,J.Brisker,ATL,Bi.Robinson,1,Tackled after catch,4,Bi.Robinson,Jaquan Brisker
ATL,S.Brown,PIT,P.Freiermuth,1,Tackled after catch,9,Pat Freiermuth,Sydney Brown
ATL,X.Watts,PIT,D.Metcalf,1,Tackled after catch,6,DK Metcalf,Xavier Watts
PIT,N.Herbig,ATL,Bi.Robinson,1,Tackled after catch,7,Bi.Robinson,Nick Herbig
ATL,M.Hughes,PIT,D.Metcalf,1,Tackled after catch,9,DK Metcalf,Mike Hughes
ATL,K.Daniels,PIT,P.Freiermuth,1,Tackled after catch,2,Pat Freiermuth,Kendal Daniels
PIT,J.Brisker,ATL,Bi.Robinson,1,Tackled after catch,11,Bi.Robinson,Jaquan Brisker
PIT,P.Wilson,ATL,Bi.Robinson,1,Tackled after catch,7,Bi.Robinson,Payton Wilson
ATL,D.Deablo,PIT,J.Warren,1,Tackled after catch,0,Jaylen Warren,Divine Deablo
ATL,D.Deablo,PIT,R.Wilson,1,Tackled after catch,20,Roman Wilson,Divine Deablo
PIT,P.Wilson,ATL,O.Zaccheaus,1,Tackled after catch,5,Olamide Zaccheaus,Payton Wilson
PIT,J.Brisker,ATL,Bi.Robinson,1,Tackled after catch,7,Bi.Robinson,Jaquan Brisker
ATL,J.Bates,PIT,P.Freiermuth,1,Tackled after catch,19,Pat Freiermuth,Jessie Bates III
PIT,A.Samuel,ATL,D.London,1,Tackled after catch,21,Drake London,Asante Samuel Jr.
ATL,C.Henderson,PIT,M.Pittman,1,Tackled after catch,28,Michael Pittman Jr.,C.J. Henderson
ATL,B.Trice,PIT,P.Freiermuth,1,Tackled after catch,10,Pat Freiermuth,Bralen Trice
ATL,H.Perkins,PIT,R.Dowdle,1,Tackled after catch,2,Rico Dowdle,Harold Perkins
PIT,J.Ramsey,ATL,Bi.Robinson,1,Tackled after catch,24,Bi.Robinson,Jalen Ramsey
ATL,S.Brown,PIT,D.Washington,1,Tackled after catch,3,Darnell Washington,Sydney Brown
PIT,J.Dean,ATL,J.Dotson,1,Tackled after catch,19,Jahan Dotson,Jamel Dean
ATL,J.Bates,PIT,R.Wilson,1,Tackled after catch,1,Roman Wilson,Jessie Bates III
ATL,J.Bates,PIT,D.Washington,1,Tackled after catch,15,Darnell Washington,Jessie Bates III
BAL,K.Hamilton,IND,K.Allen,1,Tackled after catch,7,Keenan Allen,Kyle Hamilton
BAL,K.Hamilton,IND,J.Downs,1,Tackled after catch,25,Josh Downs,Kyle Hamilton
BAL,R.Smith,IND,J.Taylor,1,Tackled after catch,2,Jonathan Taylor,Roquan Smith
BAL,K.Martin,IND,J.Downs,1,Tackled after catch,12,Josh Downs,Keyon Martin
BAL,R.Smith,IND,A.Pierce,1,Tackled after catch,13,Alec Pierce,Roquan Smith
IND,J.Walley,BAL,Z.Flowers,1,Tackled after catch,49,Zay Flowers,Justin Walley
IND,C.Bynum,BAL,M.Hibner,1,Tackled after catch,13,Matthew Hibner,Camryn Bynum
IND,C.Ward,BAL,D.Smythe,1,Tackled after catch,4,Durham Smythe,Charvarius Ward
BAL,J.Hawkins,IND,T.Warren,1,Tackled after catch,2,Tyler Warren,Jaylinn Hawkins
IND,A.Key,BAL,Z.Flowers,1,Tackled after catch,17,Zay Flowers,Arden Key
IND,J.Walley,BAL,Z.Flowers,1,Tackled after catch,18,Zay Flowers,Justin Walley
IND,A.Davis-Gaither,BAL,J.Lane,1,Tackled after catch,11,Ja'Kobi Lane,Akeem Davis-Gaither
BAL,K.Martin,IND,T.Warren,1,Tackled after catch,2,Tyler Warren,Keyon Martin
BAL,N.Wiggins,IND,K.Allen,1,Tackled after catch,9,Keenan Allen,Nate Wiggins
IND,J.Walley,BAL,L.Wester,1,Tackled after catch,6,LaJohntay Wester,Justin Walley
IND,J.Walley,BAL,L.Wester,1,Tackled after catch,9,LaJohntay Wester,Justin Walley
IND,J.Walley,BAL,M.Andrews,1,Tackled after catch,10,Mark Andrews,Justin Walley
BAL,M.Humphrey,IND,A.Pierce,1,Tackled after catch,11,Alec Pierce,Marlon Humphrey
BAL,R.Smith,IND,S.McGowan,1,Tackled after catch,0,Seth McGowan,Roquan Smith
IND,C.Bynum,BAL,M.Andrews,1,Tackled after catch,9,Mark Andrews,Camryn Bynum
IND,C.Bynum,BAL,C.Moore,1,Tackled after catch,53,Chris Moore,Camryn Bynum
BAL,R.Smith,IND,K.Allen,1,Tackled after catch,3,Keenan Allen,Roquan Smith
BAL,M.Humphrey,IND,A.Pierce,1,Tackled after catch,14,Alec Pierce,Marlon Humphrey
BAL,T.Hendrickson,IND,K.Allen,1,Tackled after catch,6,Keenan Allen,Trey Hendrickson
IND,C.Bynum,BAL,M.Andrews,1,Tackled after catch,13,Mark Andrews,Camryn Bynum
IND,L.Latu,BAL,J.Hill,1,Tackled after catch,10,Justice Hill,Laiatu Latu
BAL,M.Humphrey,IND,K.Allen,1,Tackled after catch,4,Keenan Allen,Marlon Humphrey
HOU,R.Blankenship,BUF,J.Cook,1,Tackled after catch,3,James Cook III,Reed Blankenship
HOU,R.Blankenship,BUF,K.Coleman,1,Tackled after catch,11,Keon Coleman,Reed Blankenship
BUF,M.Hairston,HOU,M.Klein,1,Tackled after catch,16,Marlin Klein,Maxwell Hairston
BUF,C.Gardner-Johnson,HOU,N.Collins,1,Tackled after catch,25,Nico Collins,C.J. Gardner-Johnson
HOU,C.Bullock,BUF,K.Shakir,1,Tackled after catch,19,Khalil Shakir,Calen Bullock
BUF,C.Bishop,HOU,F.Moreau,1,Tackled after catch,6,Foster Moreau,Cole Bishop
BUF,D.Walker,HOU,W.Marks,1,Tackled after catch,-2,Woody Marks,Deone Walker
BUF,T.Bernard,HOU,C.Stover,1,Tackled after catch,-2,Cade Stover,Terrel Bernard
BUF,D.Williams,HOU,D.Montgomery,1,Tackled after catch,3,David Montgomery,Dorian Williams
HOU,D.Stingley,BUF,D.Kincaid,1,Tackled after catch,38,Dalton Kincaid,Derek Stingley Jr.
HOU,R.Blankenship,BUF,D.Moore,1,Tackled after catch,15,DJ Moore,Reed Blankenship
BUF,C.Gardner-Johnson,HOU,J.Noel,1,Tackled after catch,35,Jaylin Noel,C.J. Gardner-Johnson
HOU,H.To'oTo'o,BUF,D.Moore,1,Tackled after catch,7,DJ Moore,Henry To'oTo'o
HOU,C.Bullock,BUF,D.Kincaid,1,Tackled after catch,11,Dalton Kincaid,Calen Bullock
HOU,A.Al-Shaair,BUF,K.Shakir,1,Tackled after catch,2,Khalil Shakir,Azeez Al-Shaair
BUF,D.Williams,HOU,D.Montgomery,1,Tackled after catch,9,David Montgomery,Dorian Williams
BUF,D.Igbinosun,HOU,F.Moreau,1,Tackled after catch,9,Foster Moreau,Davison Igbinosun
BUF,C.Gardner-Johnson,HOU,K.Boutte,1,Tackled after catch,21,Kayshon Boutte,C.J. Gardner-Johnson
BUF,C.Bishop,HOU,N.Collins,1,Tackled after catch,9,Nico Collins,Cole Bishop
BUF,C.Benford,HOU,J.Wayne,1,Tackled after catch,12,Jared Wayne,Christian Benford
HOU,R.Blankenship,BUF,D.Kincaid,1,Tackled after catch,6,Dalton Kincaid,Reed Blankenship
HOU,C.Bullock,BUF,D.Kincaid,1,Tackled after catch,40,Dalton Kincaid,Calen Bullock
HOU,J.Pitre,BUF,J.Cook,1,Tackled after catch,3,James Cook III,Jalen Pitre
BUF,M.Hairston,HOU,X.Hutchinson,1,Tackled after catch,20,Xavier Hutchinson,Maxwell Hairston
BUF,C.Benford,HOU,N.Collins,1,Tackled after catch,6,Nico Collins,Christian Benford
BUF,C.Benford,HOU,N.Collins,1,Tackled after catch,2,Nico Collins,Christian Benford
HOU,D.Stingley,BUF,J.Cook,1,Tackled after catch,6,James Cook III,Derek Stingley Jr.
HOU,J.Pitre,BUF,D.Kincaid,1,Tackled after catch,35,Dalton Kincaid,Jalen Pitre
BUF,C.Gardner-Johnson,HOU,N.Collins,1,Tackled after catch,12,Nico Collins,C.J. Gardner-Johnson
BUF,C.Gardner-Johnson,HOU,J.Noel,1,Tackled after catch,18,Jaylin Noel,C.J. Gardner-Johnson
CHI,T.Stevenson,CAR,T.Tremble,1,Tackled after catch,11,Tommy Tremble,Tyrique Stevenson
CAR,W.Lee,CHI,L.Burden,1,Tackled after catch,15,Luther Burden III,Will Lee
CAR,L.Ransom,CHI,K.Raymond,1,Tackled after catch,7,Kalif Raymond,Lathan Ransom
CHI,C.Lewis,CAR,T.Tremble,1,Tackled after catch,3,Tommy Tremble,Cameron Lewis
CAR,N.Scott,CHI,K.Raymond,1,Tackled after catch,12,Kalif Raymond,Nick Scott
CAR,W.Lee,CHI,R.Odunze,1,Tackled after catch,47,Rome Odunze,Will Lee
CHI,D.Thieneman,CAR,C.Hubbard,1,Tackled after catch,5,Chuba Hubbard,Dillon Thieneman
CAR,M.Jackson,CHI,K.Monangai,1,Tackled after catch,19,Kyle Monangai,Michael Jackson
CHI,T.Stevenson,CAR,J.Coker,1,Tackled after catch,17,Jalen Coker,Tyrique Stevenson
CHI,D.Bush,CAR,T.McMillan,1,Tackled after catch,14,Tetairoa McMillan,Devin Bush Jr.
CAR,D.Lloyd,CHI,K.Raymond,1,Tackled after catch,5,Kalif Raymond,Devin Lloyd
CHI,J.Lynch,CAR,J.Coker,1,Tackled after catch,3,Jalen Coker,James Lynch
CHI,J.Johnson,CAR,J.Brooks,1,Tackled after catch,48,Jonathon Brooks,Jaylon Johnson
CAR,D.Lloyd,CHI,R.Odunze,1,Tackled after catch,5,Rome Odunze,Devin Lloyd
CAR,N.Scott,CHI,K.Raymond,1,Tackled after catch,28,Kalif Raymond,Nick Scott
CAR,D.Lloyd,CHI,K.Monangai,1,Tackled after catch,5,Kyle Monangai,Devin Lloyd
CAR,L.Ransom,CHI,L.Burden,1,Tackled after catch,24,Luther Burden III,Lathan Ransom
CHI,D.Thieneman,CAR,D.Waller,1,Tackled after catch,11,Darren Waller,Dillon Thieneman
CHI,M.Muhammad,CAR,D.Waller,1,Tackled after catch,17,Darren Waller,Malik Muhammad
CHI,D.Thieneman,CAR,T.Tremble,1,Tackled after catch,11,Tommy Tremble,Dillon Thieneman
CHI,T.Stevenson,CAR,M.Evans,1,Tackled after catch,9,Mitchell Evans,Tyrique Stevenson
CAR,T.Gipson,CHI,K.Raymond,1,Tackled after catch,12,Kalif Raymond,Trevis Gipson
CAR,B.Okereke,CHI,D.Swift,1,Tackled after catch,10,D'Andre Swift,Bobby Okereke
CAR,D.Lloyd,CHI,L.Burden,1,Tackled after catch,5,Luther Burden III,Devin Lloyd
CAR,W.Lee,CHI,K.Raymond,1,Tackled after catch,7,Kalif Raymond,Will Lee
CHI,C.Lewis,CAR,J.Coker,1,Tackled after catch,14,Jalen Coker,Cameron Lewis
CHI,C.Lewis,CAR,J.Coker,1,Tackled after catch,6,Jalen Coker,Cameron Lewis
CAR,D.Lloyd,CHI,K.Raymond,1,Tackled after catch,9,Kalif Raymond,Devin Lloyd
CAR,W.Lee,CHI,K.Raymond,1,Tackled after catch,4,Kalif Raymond,Will Lee
CHI,C.Lewis,CAR,J.Coker,1,Tackled after catch,13,Jalen Coker,Cameron Lewis
CHI,T.Stevenson,CAR,C.Hubbard,1,Tackled after catch,29,Chuba Hubbard,Tyrique Stevenson
CHI,M.Muhammad,CAR,T.McMillan,1,Tackled after catch,18,Tetairoa McMillan,Malik Muhammad
JAX,A.Johnson,CLE,K.Concepcion,1,Tackled after catch,9,KC Concepcion,Antonio Johnson
CLE,T.Campbell,JAX,P.Washington,1,Tackled after catch,11,Parker Washington,Tyson Campbell
CLE,M.Harden,JAX,P.Washington,1,Tackled after catch,6,Parker Washington,Myles Harden
CLE,R.Hickman,JAX,P.Washington,1,Tackled after catch,22,Parker Washington,Ronnie Hickman
CLE,T.Campbell,JAX,Bri.Thomas,1,Tackled after catch,18,Bri.Thomas,Tyson Campbell
JAX,V.Miller,CLE,Q.Judkins,1,Tackled after catch,1,Quinshon Judkins,Ventrell Miller
CLE,Q.Williams,JAX,N.Boerkircher,1,Tackled after catch,9,Nate Boerkircher,Quincy Williams
CLE,M.Graham,JAX,T.Hunter,1,Tackled after catch,8,Travis Hunter,Mason Graham
JAX,V.Miller,CLE,K.Concepcion,1,Tackled after catch,5,KC Concepcion,Ventrell Miller
JAX,A.Johnson,CLE,R.Sanders,1,Tackled after catch,11,Raheim Sanders,Antonio Johnson
JAX,F.Oluokun,CLE,J.Jeudy,1,Tackled after catch,6,Jerry Jeudy,Foyesade Oluokun
JAX,C.Ransaw,CLE,R.Sanders,1,Tackled after catch,9,Raheim Sanders,Caleb Ransaw
CLE,G.Delpit,JAX,B.Tuten,1,Tackled after catch,22,Bhayshul Tuten,Grant Delpit
CLE,D.Ward,JAX,J.Cameron,1,Tackled after catch,16,Josh Cameron,Denzel Ward
JAX,D.Striggow,CLE,H.Fannin,1,Tackled after catch,9,Harold Fannin Jr.,Danny Striggow
JAX,F.Oluokun,CLE,H.Fannin,1,Tackled after catch,12,Harold Fannin Jr.,Foyesade Oluokun
JAX,J.Lewis,CLE,K.Concepcion,1,Tackled after catch,25,KC Concepcion,Jourdan Lewis
JAX,M.Brown,CLE,D.Boston,1,Tackled after catch,13,Denzel Boston,Montaric Brown
JAX,J.Tavai,CLE,Q.Judkins,1,Tackled after catch,16,Quinshon Judkins,Jahlani Tavai
NYG,G.Newsome,DAL,G.Pickens,1,Tackled after catch,8,George Pickens,Greg Newsome II
DAL,D.Bland,NYG,M.Nabers,1,Tackled after catch,9,Malik Nabers,DaRon Bland
DAL,M.Hooker,NYG,I.Likely,1,Tackled after catch,13,Isaiah Likely,Malik Hooker
NYG,A.Phillips,DAL,G.Pickens,1,Tackled after catch,9,George Pickens,Andru Phillips
NYG,A.Reese,DAL,B.Spann-Ford,1,Tackled after catch,8,Brevyn Spann-Ford,Arvell Reese
NYG,T.Edmunds,DAL,B.Spann-Ford,1,Tackled after catch,6,Brevyn Spann-Ford,Tremaine Edmunds
DAL,C.Downs,NYG,M.Nabers,1,Tackled after catch,7,Malik Nabers,Caleb Downs
NYG,D.Banks,DAL,K.Turpin,1,Tackled after catch,8,KaVontae Turpin,Deonte Banks
NYG,T.Nubin,DAL,L.Schoonmaker,1,Tackled after catch,12,Luke Schoonmaker,Tyler Nubin
DAL,S.Revel,NYG,I.Likely,1,Tackled after catch,19,Isaiah Likely,Shavon Revel
DAL,D.Winters,NYG,M.Fields,1,Tackled after catch,19,Malachi Fields,Dee Winters
NYG,K.Thibodeaux,DAL,C.Lamb,1,Tackled after catch,9,CeeDee Lamb,Kayvon Thibodeaux
NYG,D.Banks,DAL,R.Flournoy,1,Tackled after catch,5,Ryan Flournoy,Deonte Banks
DAL,D.Bland,NYG,M.Fields,1,Tackled after catch,6,Malachi Fields,DaRon Bland
DAL,D.Winters,NYG,I.Likely,1,Tackled after catch,5,Isaiah Likely,Dee Winters
NYG,T.Edmunds,DAL,J.Ferguson,1,Tackled after catch,6,Jake Ferguson,Tremaine Edmunds
DAL,J.Thompson,NYG,T.Johnson,1,Tackled after catch,9,Theo Johnson,Jalen Thompson
DAL,C.Downs,NYG,M.Nabers,1,Tackled after catch,16,Malik Nabers,Caleb Downs
DAL,D.Winters,NYG,D.Mooney,1,Tackled after catch,9,Darnell Mooney,Dee Winters
DAL,J.Thompson,NYG,M.Nabers,1,Tackled after catch,13,Malik Nabers,Jalen Thompson
NYG,T.Edmunds,DAL,C.Lamb,1,Tackled after catch,13,CeeDee Lamb,Tremaine Edmunds
NYG,D.Banks,DAL,G.Pickens,1,Tackled after catch,11,George Pickens,Deonte Banks
NYG,A.Reese,DAL,J.Williams,1,Tackled after catch,10,Javonte Williams,Arvell Reese
NYG,P.Adebo,DAL,C.Lamb,1,Tackled after catch,15,CeeDee Lamb,Paulson Adebo
NYG,T.Edmunds,DAL,J.Ferguson,1,Tackled after catch,0,Jake Ferguson,Tremaine Edmunds
DAL,J.Barham,NYG,D.Singletary,1,Tackled after catch,-7,Devin Singletary,Jaishawn Barham
DAL,D.Bland,NYG,M.Nabers,1,Tackled after catch,8,Malik Nabers,DaRon Bland
DAL,J.Thompson,NYG,D.Singletary,1,Tackled after catch,13,Devin Singletary,Jalen Thompson
NYG,G.Newsome,DAL,J.Williams,1,Tackled after catch,5,Javonte Williams,Greg Newsome II
NYG,D.Banks,DAL,C.Lamb,1,Tackled after catch,6,CeeDee Lamb,Deonte Banks
NYG,T.Edmunds,DAL,J.Williams,1,Tackled after catch,4,Javonte Williams,Tremaine Edmunds
NYG,P.Adebo,DAL,J.Mingo,1,Tackled after catch,10,Jonathan Mingo,Paulson Adebo
NYG,J.Holland,DAL,R.Flournoy,1,Tackled after catch,17,Ryan Flournoy,Jevon Holland
DAL,P.Locke,NYG,I.Likely,1,Tackled after catch,12,Isaiah Likely,P.J. Locke
DAL,C.Downs,NYG,I.Likely,1,Tackled after catch,5,Isaiah Likely,Caleb Downs
DEN,R.Moss,KC,X.Worthy,1,Tackled after catch,9,Xavier Worthy,Riley Moss
KC,A.Gilman,DEN,P.Bryant,1,Tackled after catch,13,Pat Bryant,Alohi Gilman
KC,L.Sneed,DEN,A.Trautman,1,Tackled after catch,4,Adam Trautman,L'Jarius Sneed
KC,G.Karlaftis,DEN,P.Bryant,1,Tackled after catch,8,Pat Bryant,George Karlaftis III
KC,L.Sneed,DEN,P.Bryant,1,Tackled after catch,11,Pat Bryant,L'Jarius Sneed
KC,L.Sneed,DEN,R.Harvey,1,Tackled after catch,1,RJ Harvey,L'Jarius Sneed
DEN,D.Tillman,KC,K.Walker,1,Tackled after catch,5,Kenneth Walker III,Dondrea Tillman
KC,L.Sneed,DEN,J.Waddle,1,Tackled after catch,2,Jaylen Waddle,L'Jarius Sneed
KC,P.Woods,DEN,R.Harvey,1,Tackled after catch,4,RJ Harvey,Peter Woods
DEN,J.Barron,KC,K.Walker,1,Tackled after catch,11,Kenneth Walker III,Jahdae Barron
DEN,A.Singleton,KC,J.Briningstool,1,Tackled after catch,9,Jake Briningstool,Alex Singleton
DEN,T.Hufanga,KC,X.Worthy,1,Tackled after catch,4,Xavier Worthy,Talanoa Hufanga
KC,L.Sneed,DEN,P.Bryant,1,Tackled after catch,10,Pat Bryant,L'Jarius Sneed
DEN,P.Surtain,KC,T.Kelce,1,Tackled after catch,6,Travis Kelce,Patrick Surtain II
DEN,R.Moss,KC,R.Rice,1,Tackled after catch,6,Rashee Rice,Riley Moss
KC,J.Hicks,DEN,C.Sutton,1,Tackled after catch,6,Courtland Sutton,Jaden Hicks
DEN,J.Barron,KC,T.Kelce,1,Tackled after catch,59,Travis Kelce,Jahdae Barron
KC,J.Hicks,DEN,E.Engram,1,Tackled after catch,9,Evan Engram,Jaden Hicks
DEN,J.McMillian,KC,X.Worthy,1,Tackled after catch,5,Xavier Worthy,Ja'Quan McMillian
DEN,J.Barron,KC,E.Johnson,1,Tackled after catch,25,Emmett Johnson,Jahdae Barron
KC,K.Fulton,DEN,C.Sutton,1,Tackled after catch,5,Courtland Sutton,Kristian Fulton
DEN,A.Singleton,KC,T.Kelce,1,Tackled after catch,6,Travis Kelce,Alex Singleton
DEN,E.Uwazurike,KC,E.Johnson,1,Tackled after catch,19,Emmett Johnson,Eyioma Uwazurike
KC,L.Sneed,DEN,E.Engram,1,Tackled after catch,6,Evan Engram,L'Jarius Sneed
KC,L.Sneed,DEN,R.Harvey,1,Tackled after catch,7,RJ Harvey,L'Jarius Sneed
GB,K.Nixon,MIN,J.Jefferson,1,Tackled after catch,9,Justin Jefferson,Keisean Nixon
GB,X.McKinney,MIN,T.Hockenson,1,Tackled after catch,7,T.J. Hockenson,Xavier McKinney
GB,J.Bullard,MIN,J.Jefferson,1,Tackled after catch,2,Justin Jefferson,Javon Bullard
GB,K.Nixon,MIN,J.Jefferson,1,Tackled after catch,9,Justin Jefferson,Keisean Nixon
MIN,B.Murphy,GB,C.Watson,1,Tackled after catch,10,Christian Watson,Byron Murphy
MIN,I.Rodgers,GB,C.Watson,1,Tackled after catch,6,Christian Watson,Isaiah Rodgers
GB,E.Cooper,MIN,D.Dallas,1,Tackled after catch,1,DeeJay Dallas,Edgerrin Cooper
MIN,B.Murphy,GB,T.Kraft,1,Tackled after catch,30,Tucker Kraft,Byron Murphy
MIN,I.Rodgers,GB,M.Golden,1,Tackled after catch,5,Matthew Golden,Isaiah Rodgers
GB,Z.Franklin,MIN,T.Hockenson,1,Tackled after catch,5,T.J. Hockenson,Zaire Franklin
GB,E.Williams,MIN,J.Jefferson,1,Tackled after catch,17,Justin Jefferson,Evan Williams
GB,E.Williams,MIN,T.Hockenson,1,Tackled after catch,8,T.J. Hockenson,Evan Williams
MIN,B.Murphy,GB,T.Kraft,1,Tackled after catch,23,Tucker Kraft,Byron Murphy
MIN,B.Murphy,GB,C.Watson,1,Tackled after catch,32,Christian Watson,Byron Murphy
MIN,B.Murphy,GB,T.Kraft,1,Tackled after catch,12,Tucker Kraft,Byron Murphy
MIN,B.Murphy,GB,J.Reed,1,Tackled after catch,6,Jayden Reed,Byron Murphy
MIN,I.Rodgers,GB,J.Smith,1,Tackled after catch,43,Jonnu Smith,Isaiah Rodgers
GB,E.Cooper,MIN,J.Oliver,1,Tackled after catch,9,Josh Oliver,Edgerrin Cooper
MIN,J.Redmond,GB,M.Golden,1,Tackled after catch,7,Matthew Golden,Jalen Redmond
MIN,J.Metellus,GB,M.Golden,1,Tackled after catch,42,Matthew Golden,Josh Metellus
GB,X.McKinney,MIN,J.Oliver,1,Tackled after catch,13,Josh Oliver,Xavier McKinney
GB,B.Cox,MIN,J.Jefferson,1,Tackled after catch,5,Justin Jefferson,Brenton Cox
MIN,J.Pierre,GB,J.Reed,1,Tackled after catch,7,Jayden Reed,James Pierre
MIN,J.Metellus,GB,C.Watson,1,Tackled after catch,16,Christian Watson,Josh Metellus
MIN,J.Pierre,GB,M.Golden,1,Tackled after catch,20,Matthew Golden,James Pierre
MIN,J.Pierre,GB,J.Reed,1,Tackled after catch,7,Jayden Reed,James Pierre
MIN,H.Smith,GB,J.Smith,1,Tackled after catch,7,Jonnu Smith,Harrison Smith
MIN,J.Metellus,GB,M.Golden,1,Tackled after catch,8,Matthew Golden,Josh Metellus
LV,J.Chinn,MIA,D.Achane,1,Tackled after catch,7,De'Von Achane,Jeremy Chinn
LV,T.Stukes,MIA,D.Achane,1,Tackled after catch,14,De'Von Achane,Treydan Stukes
MIA,J.Marshall,LV,J.Nailor,1,Tackled after catch,8,Jalen Nailor,Jason Marshall
MIA,C.Johnson,LV,M.Benson,1,Tackled after catch,6,Malik Benson,Chris Johnson
MIA,J.Brooks,LV,M.Mayer,1,Tackled after catch,0,Michael Mayer,Jordyn Brooks
MIA,J.Brents,LV,T.Tucker,1,Tackled after catch,6,Tre Tucker,Julius Brents
MIA,J.Brooks,LV,A.Jeanty,1,Tackled after catch,5,Ashton Jeanty,Jordyn Brooks
MIA,J.Rodriguez,LV,J.Bech,1,Tackled after catch,5,Jack Bech,Jacob Rodriguez
MIA,J.Brents,LV,M.Mayer,1,Tackled after catch,5,Michael Mayer,Julius Brents
LV,E.Stokes,MIA,G.Dulcich,1,Tackled after catch,6,Greg Dulcich,Eric Stokes
LV,T.Stukes,MIA,C.Douglas,1,Tackled after catch,25,Caleb Douglas,Treydan Stukes
MIA,C.Johnson,LV,J.Nailor,1,Tackled after catch,7,Jalen Nailor,Chris Johnson
MIA,J.Rodriguez,LV,A.Jeanty,1,Tackled after catch,2,Ashton Jeanty,Jacob Rodriguez
LV,E.Stokes,MIA,C.Douglas,1,Tackled after catch,14,Caleb Douglas,Eric Stokes
LV,Q.Walker,MIA,C.Douglas,1,Tackled after catch,30,Caleb Douglas,Quay Walker
LV,T.Stukes,MIA,C.Bell,1,Tackled after catch,25,Chris Bell,Treydan Stukes
MIA,M.Taaffe,LV,T.Tucker,1,Tackled after catch,21,Tre Tucker,Michael Taaffe
MIA,J.Brooks,LV,A.Jeanty,1,Tackled after catch,4,Ashton Jeanty,Jordyn Brooks
MIA,J.Brooks,LV,A.Jeanty,1,Tackled after catch,8,Ashton Jeanty,Jordyn Brooks
MIA,J.Uche,LV,M.Mayer,1,Tackled after catch,8,Michael Mayer,Joshua Uche
MIA,Z.Anderson,LV,M.Mayer,1,Tackled after catch,-2,Michael Mayer,Zayne Anderson
LV,T.Stukes,MIA,M.Washington,1,Tackled after catch,30,Malik Washington,Treydan Stukes
LV,Q.Walker,MIA,D.Achane,1,Tackled after catch,5,De'Von Achane,Quay Walker
LV,J.Chinn,MIA,M.Washington,1,Tackled after catch,24,Malik Washington,Jeremy Chinn
NE,R.Spillane,SEA,J.Smith-Njigba,1,Tackled after catch,13,Jaxon Smith-Njigba,Robert Spillane
NE,R.Spillane,SEA,J.Smith-Njigba,1,Tackled after catch,8,Jaxon Smith-Njigba,Robert Spillane
SEA,E.Jones,NE,M.Hollins,1,Tackled after catch,9,Mack Hollins,Ernest Jones
SEA,N.Pritchett,NE,A.Brown,1,Tackled after catch,7,A.J. Brown,Nehemiah Pritchett
SEA,J.Jobe,NE,L.Larison,1,Tackled after catch,11,Lan Larison,Josh Jobe
SEA,J.Jobe,NE,A.Brown,1,Tackled after catch,5,A.J. Brown,Josh Jobe
NE,D.Pettus,SEA,B.Russell,1,Tackled after catch,7,Brady Russell,Dell Pettus
NE,C.Woodson,SEA,J.Smith-Njigba,1,Tackled after catch,21,Jaxon Smith-Njigba,Craig Woodson
SEA,U.Nwosu,NE,H.Henry,1,Tackled after catch,3,Hunter Henry,Uchenna Nwosu
SEA,N.Pritchett,NE,A.Brown,1,Tackled after catch,14,A.J. Brown,Nehemiah Pritchett
NE,C.Elliss,SEA,J.Smith-Njigba,1,Tackled after catch,6,Jaxon Smith-Njigba,Christian Elliss
NE,C.Gonzalez,SEA,A.Barner,1,Tackled after catch,4,AJ Barner,Christian Gonzalez
SEA,J.Love,NE,H.Henry,1,Tackled after catch,13,Hunter Henry,Julian Love
NE,R.Spillane,SEA,B.Russell,1,Tackled after catch,13,Brady Russell,Robert Spillane
NE,R.Spillane,SEA,R.Shaheed,1,Tackled after catch,4,Rashid Shaheed,Robert Spillane
SEA,R.Thomas,NE,D.Douglas,1,Tackled after catch,1,DeMario Douglas,Rodney Thomas II
SEA,E.Jones,NE,R.Stevenson,1,Tackled after catch,6,Rhamondre Stevenson,Ernest Jones
NE,C.Elliss,SEA,J.Price,1,Tackled after catch,4,Jadarian Price,Christian Elliss
NE,R.Spillane,SEA,J.Price,1,Tackled after catch,2,Jadarian Price,Robert Spillane
NE,M.Jones,SEA,C.Kupp,1,Tackled after catch,24,Cooper Kupp,Marcus Jones
SEA,E.Jones,NE,R.Stevenson,1,Tackled after catch,17,Rhamondre Stevenson,Ernest Jones
SEA,R.Thomas,NE,D.Douglas,1,Tackled after catch,8,DeMario Douglas,Rodney Thomas II
NE,K.Byard,SEA,J.Smith-Njigba,1,Tackled after catch,13,Jaxon Smith-Njigba,Kevin Byard
NE,C.Elliss,SEA,A.Barner,1,Tackled after catch,9,AJ Barner,Christian Elliss
NE,D.Pettus,SEA,J.Smith-Njigba,1,Tackled after catch,11,Jaxon Smith-Njigba,Dell Pettus
NE,C.Davis,SEA,C.Kupp,1,Tackled after catch,11,Cooper Kupp,Carlton Davis
SEA,R.Thomas,NE,M.Hollins,1,Tackled after catch,19,Mack Hollins,Rodney Thomas II
SEA,J.Jobe,NE,L.Larison,1,Tackled after catch,-2,Lan Larison,Josh Jobe
SEA,E.Jones,NE,H.Henry,1,Tackled after catch,10,Hunter Henry,Ernest Jones
SEA,E.Jones,NE,M.Hollins,1,Tackled after catch,11,Mack Hollins,Ernest Jones
SEA,N.Pritchett,NE,D.Douglas,1,Tackled after catch,1,DeMario Douglas,Nehemiah Pritchett
SEA,J.Jobe,NE,M.Hollins,1,Tackled after catch,12,Mack Hollins,Josh Jobe
NO,K.McKinstry,DET,A.St. Brown,1,Tackled after catch,5,A.St. Brown,Kool-Aid McKinstry
DET,R.McCreary,NO,D.Vele,1,Tackled after catch,9,Devaughn Vele,Roger McCreary
NO,D.Stutsman,DET,S.LaPorta,1,Tackled after catch,8,Sam LaPorta,Danny Stutsman
NO,K.McKinstry,DET,S.LaPorta,1,Tackled after catch,19,Sam LaPorta,Kool-Aid McKinstry
NO,K.McKinstry,DET,J.Williams,1,Tackled after catch,10,Jameson Williams,Kool-Aid McKinstry
NO,P.Werner,DET,A.St. Brown,1,Tackled after catch,5,A.St. Brown,Pete Werner
DET,T.Harper,NO,C.Olave,1,Tackled after catch,22,Chris Olave,Thomas Harper
NO,D.Stutsman,DET,A.St. Brown,1,Tackled after catch,0,A.St. Brown,Danny Stutsman
NO,V.Broughton,DET,J.Gibbs,1,Tackled after catch,4,Jahmyr Gibbs,Vernon Broughton
NO,J.Reid,DET,A.St. Brown,1,Tackled after catch,9,A.St. Brown,Justin Reid
DET,D.Reed,NO,C.Olave,1,Tackled after catch,7,Chris Olave,D.J. Reed
DET,R.Ya-Sin,NO,D.Vele,1,Tackled after catch,4,Devaughn Vele,Rock Ya-Sin
DET,D.Reed,NO,B.Lance,1,Tackled after catch,19,Bryce Lance,D.J. Reed
DET,K.Abney,NO,C.Donaldson,1,Tackled after catch,-2,CJ Donaldson,Keith Abney
DET,A.Hutchinson,NO,D.Vele,1,Tackled after catch,6,Devaughn Vele,Aidan Hutchinson
NO,J.Reid,DET,J.Gibbs,1,Tackled after catch,0,Jahmyr Gibbs,Justin Reid
NO,K.Elliss,DET,S.Vaki,1,Tackled after catch,11,Sione Vaki,Kaden Elliss
NO,Q.Riley,DET,J.Williams,1,Tackled after catch,6,Jameson Williams,Quincy Riley
DET,D.Reed,NO,C.Olave,1,Tackled after catch,47,Chris Olave,D.J. Reed
DET,J.Campbell,NO,N.Fant,1,Tackled after catch,9,Noah Fant,Jack Campbell
DET,C.Clark,NO,T.Etienne,1,Tackled after catch,6,Travis Etienne Jr.,Chuck Clark
NO,J.Sanker,DET,B.Wright,1,Tackled after catch,5,Brock Wright,Jonas Sanker
DET,M.Rodriguez,NO,T.Etienne,1,Tackled after catch,0,Travis Etienne Jr.,Malcolm Rodriguez
DET,A.Maddox,NO,C.Olave,1,Tackled after catch,11,Chris Olave,Avonte Maddox
DET,R.McCreary,NO,T.Etienne,1,Tackled after catch,4,Travis Etienne Jr.,Roger McCreary
DET,C.Clark,NO,T.Etienne,1,Tackled after catch,16,Travis Etienne Jr.,Chuck Clark
NO,M.Emerson,DET,A.St. Brown,1,Tackled after catch,6,A.St. Brown,Martin Emerson
DET,J.Campbell,NO,T.Etienne,1,Tackled after catch,2,Travis Etienne Jr.,Jack Campbell
DET,J.Campbell,NO,D.Vele,1,Tackled after catch,7,Devaughn Vele,Jack Campbell
DET,J.Campbell,NO,C.Olave,1,Tackled after catch,5,Chris Olave,Jack Campbell
DET,T.Harper,NO,D.Vele,1,Tackled after catch,31,Devaughn Vele,Thomas Harper
DET,R.Ya-Sin,NO,C.Olave,1,Tackled after catch,9,Chris Olave,Rock Ya-Sin
DET,D.Barnes,NO,T.Etienne,1,Tackled after catch,1,Travis Etienne Jr.,Derrick Barnes
NO,J.Sanker,DET,J.Gibbs,1,Tackled after catch,8,Jahmyr Gibbs,Jonas Sanker
DET,R.Ya-Sin,NO,C.Olave,1,Tackled after catch,8,Chris Olave,Rock Ya-Sin
DET,D.Reed,NO,B.Lance,1,Tackled after catch,15,Bryce Lance,D.J. Reed
DET,R.Ya-Sin,NO,D.Vele,1,Tackled after catch,11,Devaughn Vele,Rock Ya-Sin
DET,D.Reed,NO,C.Olave,1,Tackled after catch,42,Chris Olave,D.J. Reed
DET,A.Maddox,NO,J.Johnson,1,Tackled after catch,18,Juwan Johnson,Avonte Maddox
NO,J.Sanker,DET,S.LaPorta,1,Tackled after catch,9,Sam LaPorta,Jonas Sanker
NO,P.Werner,DET,J.Gibbs,1,Tackled after catch,7,Jahmyr Gibbs,Pete Werner
DET,R.Ya-Sin,NO,B.Lance,1,Tackled after catch,8,Bryce Lance,Rock Ya-Sin
DET,A.Maddox,NO,C.Olave,1,Tackled after catch,20,Chris Olave,Avonte Maddox
DET,R.Ya-Sin,NO,N.Fant,1,Tackled after catch,10,Noah Fant,Rock Ya-Sin
DET,T.Harper,NO,J.Johnson,1,Tackled after catch,27,Juwan Johnson,Thomas Harper
TEN,N.Stackhouse,NYJ,K.Sadiq,1,Tackled after catch,7,Kenyon Sadiq,Nazir Stackhouse
NYJ,J.Brownlee,TEN,C.Dike,1,Tackled after catch,7,Chimere Dike,Jarvis Brownlee
TEN,M.Harris,NYJ,G.Wilson,1,Tackled after catch,4,Garrett Wilson,Marcus Harris
NYJ,J.Brownlee,TEN,G.Helm,1,Tackled after catch,1,Gunnar Helm,Jarvis Brownlee
TEN,A.Taylor,NYJ,B.Hall,1,Tackled after catch,8,Breece Hall,Alontae Taylor
TEN,O.Oladejo,NYJ,M.Taylor,1,Tackled after catch,-8,Mason Taylor,Oluwafemi Oladejo
NYJ,J.Sherwood,TEN,W.Robinson,1,Tackled after catch,5,Wan'Dale Robinson,Jamien Sherwood
TEN,K.Winston,NYJ,M.Taylor,1,Tackled after catch,6,Mason Taylor,Kevin Winston
TEN,M.Harris,NYJ,I.Williams,1,Tackled after catch,7,Isaiah Williams,Marcus Harris
TEN,C.Flott,NYJ,A.Mitchell,1,Tackled after catch,18,Adonai Mitchell,Cordale Flott
TEN,A.Hooker,NYJ,A.Mitchell,1,Tackled after catch,2,Adonai Mitchell,Amani Hooker
NYJ,A.Thomas,TEN,C.Tate,1,Tackled after catch,5,Carnell Tate,Azareye'h Thomas
NYJ,D.Davis,TEN,W.Robinson,1,Tackled after catch,9,Wan'Dale Robinson,Demario Davis
NYJ,A.Thomas,TEN,C.Tate,1,Tackled after catch,7,Carnell Tate,Azareye'h Thomas
NYJ,A.Thomas,TEN,T.Pollard,1,Tackled after catch,-1,Tony Pollard,Azareye'h Thomas
TEN,A.Taylor,NYJ,G.Wilson,1,Tackled after catch,31,Garrett Wilson,Alontae Taylor
TEN,A.Hooker,NYJ,A.Mitchell,1,Tackled after catch,40,Adonai Mitchell,Amani Hooker
TEN,C.Flott,NYJ,G.Wilson,1,Tackled after catch,22,Garrett Wilson,Cordale Flott
TEN,M.Harris,NYJ,G.Wilson,1,Tackled after catch,6,Garrett Wilson,Marcus Harris
NYJ,A.Cisco,TEN,W.Robinson,1,Tackled after catch,10,Wan'Dale Robinson,Andre Cisco
TEN,C.Barton,NYJ,J.Ruckert,1,Tackled after catch,4,Jeremy Ruckert,Cody Barton
NYJ,A.Thomas,TEN,G.Helm,1,Tackled after catch,12,Gunnar Helm,Azareye'h Thomas
TEN,C.Flott,NYJ,K.Sadiq,1,Tackled after catch,6,Kenyon Sadiq,Cordale Flott
NYJ,D.Belton,TEN,W.Robinson,1,Tackled after catch,6,Wan'Dale Robinson,Dane Belton
NYJ,A.Cisco,TEN,G.Helm,1,Tackled after catch,5,Gunnar Helm,Andre Cisco
NYJ,D.Davis,TEN,W.Robinson,1,Tackled after catch,8,Wan'Dale Robinson,Demario Davis
NYJ,A.Cisco,TEN,C.Tate,1,Tackled after catch,14,Carnell Tate,Andre Cisco
NYJ,A.Cisco,TEN,G.Helm,1,Tackled after catch,10,Gunnar Helm,Andre Cisco
NYJ,A.Cisco,TEN,T.Spears,1,Tackled after catch,8,Tyjae Spears,Andre Cisco
SF,D.Lenoir,LAR,P.Nacua,1,Tackled after catch,4,Puka Nacua,Deommodore Lenoir
LAR,Q.Lake,SF,M.Evans,1,Tackled after catch,7,Mike Evans,Quentin Lake
LAR,J.Watson,SF,G.Kittle,1,Tackled after catch,6,George Kittle,Jaylen Watson
LAR,T.McDuffie,SF,D.Samuel,1,Tackled after catch,9,Deebo Samuel Sr.,Trent McDuffie
LAR,K.Curl,SF,C.McCaffrey,1,Tackled after catch,8,Christian McCaffrey,Kamren Curl
LAR,Q.Lake,SF,M.Evans,1,Tackled after catch,8,Mike Evans,Quentin Lake
LAR,T.McDuffie,SF,D.Samuel,1,Tackled after catch,2,Deebo Samuel Sr.,Trent McDuffie
SF,D.Greenlaw,LAR,K.Williams,1,Tackled after catch,4,Kyren Williams,Dre Greenlaw
LAR,Q.Lake,SF,L.Farrell,1,Tackled after catch,5,Luke Farrell,Quentin Lake
LAR,J.Watson,SF,M.Evans,1,Tackled after catch,12,Mike Evans,Jaylen Watson
LAR,N.Landman,SF,J.Brendel,1,Tackled after catch,2,Jake Brendel,Nathan Landman
LAR,T.McDuffie,SF,M.Evans,1,Tackled after catch,13,Mike Evans,Trent McDuffie
SF,F.Warner,LAR,K.Williams,1,Tackled after catch,16,Kyren Williams,Fred Warner
LAR,T.McDuffie,SF,C.McCaffrey,1,Tackled after catch,-1,Christian McCaffrey,Trent McDuffie
LAR,Q.Lake,SF,C.McCaffrey,1,Tackled after catch,8,Christian McCaffrey,Quentin Lake
LAR,Q.Lake,SF,D.Robinson,1,Tackled after catch,11,Demarcus Robinson,Quentin Lake
SF,J.Brown,LAR,D.Adams,1,Tackled after catch,13,Davante Adams,Ji'Ayir Brown
SF,D.Lenoir,LAR,P.Nacua,1,Tackled after catch,1,Puka Nacua,Deommodore Lenoir
LAR,K.Kinchens,SF,L.Farrell,1,Tackled after catch,14,Luke Farrell,Kamren Kinchens
LAR,Q.Lake,SF,D.Samuel,1,Tackled after catch,13,Deebo Samuel Sr.,Quentin Lake
SF,U.Stout,LAR,D.Adams,1,Tackled after catch,3,Davante Adams,Upton Stout
SF,F.Warner,LAR,T.Higbee,1,Tackled after catch,8,Tyler Higbee,Fred Warner
SF,D.Lenoir,LAR,K.Williams,1,Tackled after catch,4,Kyren Williams,Deommodore Lenoir
SF,R.Green,LAR,D.Adams,1,Tackled after catch,10,Davante Adams,Renardo Green
SF,M.Sigle,LAR,P.Nacua,1,Tackled after catch,5,Puka Nacua,Marques Sigle
LAR,J.Stewart,SF,C.McCaffrey,1,Tackled after catch,0,Christian McCaffrey,Josaiah Stewart
SF,M.Mustapha,LAR,J.Whittington,1,Tackled after catch,8,Jordan Whittington,Malik Mustapha
CIN,D.Turner,TB,E.Egbuka,1,Tackled after catch,17,Emeka Egbuka,DJ Turner
CIN,B.Cook,TB,C.Godwin,1,Tackled after catch,5,Chris Godwin Jr.,Bryan Cook
TB,Z.McCollum,CIN,C.Brown,1,Tackled after catch,1,Chase Brown,Zyon McCollum
CIN,B.Cook,TB,B.Irving,1,Tackled after catch,7,Bucky Irving,Bryan Cook
TB,Z.McCollum,CIN,A.Iosivas,1,Tackled after catch,12,Andrei Iosivas,Zyon McCollum
CIN,D.Turner,TB,C.Godwin,1,Tackled after catch,4,Chris Godwin Jr.,DJ Turner
CIN,J.Allen,TB,C.Otton,1,Tackled after catch,13,Cade Otton,Jonathan Allen
CIN,B.Carter,TB,K.Gainwell,1,Tackled after catch,3,Kenny Gainwell,Barrett Carter
TB,K.Scott,CIN,S.Perine,1,Tackled after catch,9,Samaje Perine,Keionte Scott
TB,K.Scott,CIN,J.Chase,1,Tackled after catch,16,Ja'Marr Chase,Keionte Scott
TB,A.Robinson,CIN,D.Sample,1,Tackled after catch,2,Drew Sample,A'Shawn Robinson
TB,J.Parrish,CIN,T.Higgins,1,Tackled after catch,12,Tee Higgins,Jacob Parrish
TB,Z.McCollum,CIN,D.Sample,1,Tackled after catch,11,Drew Sample,Zyon McCollum
CIN,B.Carter,TB,B.Irving,1,Tackled after catch,-4,Bucky Irving,Barrett Carter
CIN,J.Battle,TB,E.Egbuka,1,Tackled after catch,11,Emeka Egbuka,Jordan Battle
CIN,D.Knight,TB,C.Godwin,1,Tackled after catch,30,Chris Godwin Jr.,Demetrius Knight
CIN,J.Battle,TB,E.Egbuka,1,Tackled after catch,13,Emeka Egbuka,Jordan Battle
CIN,J.Battle,TB,C.Otton,1,Tackled after catch,10,Cade Otton,Jordan Battle
TB,J.Trotter,CIN,M.Gesicki,1,Tackled after catch,11,Mike Gesicki,Josiah Trotter
TB,Z.McCollum,CIN,M.Gesicki,1,Tackled after catch,25,Mike Gesicki,Zyon McCollum
TB,B.Morrison,CIN,A.Iosivas,1,Tackled after catch,0,Andrei Iosivas,Benjamin Morrison
TB,B.Morrison,CIN,J.Chase,1,Tackled after catch,-4,Ja'Marr Chase,Benjamin Morrison
TB,A.Winfield,CIN,T.Higgins,1,Tackled after catch,29,Tee Higgins,Antoine Winfield Jr.
TB,Z.McCollum,CIN,T.Hudson,1,Tackled after catch,4,Tanner Hudson,Zyon McCollum
CIN,B.Cook,TB,B.Irving,1,Tackled after catch,22,Bucky Irving,Bryan Cook
CIN,D.Hill,TB,B.Irving,1,Tackled after catch,7,Bucky Irving,Daxton Hill
TB,B.Morrison,CIN,C.Brown,1,Tackled after catch,1,Chase Brown,Benjamin Morrison
TB,A.Winfield,CIN,M.Gesicki,1,Tackled after catch,24,Mike Gesicki,Antoine Winfield Jr.
TB,B.Morrison,CIN,C.Brown,1,Tackled after catch,8,Chase Brown,Benjamin Morrison
CIN,J.Davis,TB,B.Irving,1,Tackled after catch,4,Bucky Irving,Jalen Davis
CIN,J.Battle,TB,C.Godwin,1,Tackled after catch,1,Chris Godwin Jr.,Jordan Battle
CIN,J.Battle,TB,B.Irving,1,Tackled after catch,11,Bucky Irving,Jordan Battle
TB,T.Smith,CIN,D.Sample,1,Tackled after catch,6,Drew Sample,Tykee Smith
TB,K.Scott,CIN,C.Brown,1,Tackled after catch,3,Chase Brown,Keionte Scott
CIN,D.Hill,TB,T.Hurst,1,Tackled after catch,16,Ted Hurst III,Daxton Hill
CIN,D.Hill,TB,T.Hurst,1,Tackled after catch,8,Ted Hurst III,Daxton Hill
CIN,D.Knight,TB,C.Otton,1,Tackled after catch,3,Cade Otton,Demetrius Knight
TB,A.Winfield,CIN,S.Perine,1,Tackled after catch,14,Samaje Perine,Antoine Winfield Jr.
TB,Z.McCollum,CIN,T.Higgins,1,Tackled after catch,18,Tee Higgins,Zyon McCollum
PHI,M.Epps,WSH,S.Diggs,1,Tackled after catch,13,Stefon Diggs,Marcus Epps
WSH,A.Robertson,PHI,M.Lemon,1,Tackled after catch,3,Makai Lemon,Amik Robertson
WSH,N.Cross,PHI,M.Lemon,1,Tackled after catch,-5,Makai Lemon,Nick Cross
WSH,Q.Martin,PHI,D.Smith,1,Tackled after catch,12,DeVonta Smith,Quan Martin
WSH,J.Reaves,PHI,D.Wicks,1,Tackled after catch,64,Dontayvion Wicks,Jeremy Reaves
PHI,Q.Mitchell,WSH,C.Okonkwo,1,Tackled after catch,1,Chig Okonkwo,Quinyon Mitchell
PHI,Z.Baun,WSH,J.Croskey-Merritt,1,Tackled after catch,-7,Jacory Croskey-Merritt,Zack Baun
PHI,C.DeJean,WSH,S.Diggs,1,Tackled after catch,15,Stefon Diggs,Cooper DeJean
PHI,C.DeJean,WSH,A.Williams,1,Tackled after catch,16,Antonio Williams,Cooper DeJean
WSH,A.Robertson,PHI,W.Shipley,1,Tackled after catch,8,Will Shipley,Amik Robertson
WSH,Q.Martin,PHI,M.Lemon,1,Tackled after catch,-3,Makai Lemon,Quan Martin
WSH,N.Cross,PHI,D.Goedert,1,Tackled after catch,12,Dallas Goedert,Nick Cross
PHI,Z.Baun,WSH,R.White,1,Tackled after catch,3,Rachaad White,Zack Baun
PHI,A.Mukuba,WSH,C.Okonkwo,1,Tackled after catch,15,Chig Okonkwo,Andrew Mukuba
PHI,C.DeJean,WSH,J.Lane,1,Tackled after catch,4,Jaylin Lane,Cooper DeJean
WSH,R.Douglas,PHI,D.Smith,1,Tackled after catch,31,DeVonta Smith,Rasul Douglas
PHI,M.Epps,WSH,J.Bates,1,Tackled after catch,8,John Bates,Marcus Epps
PHI,J.Campbell,WSH,A.Williams,1,Tackled after catch,33,Antonio Williams,Jihaad Campbell
WSH,N.Cross,PHI,S.Barkley,1,Tackled after catch,-3,Saquon Barkley,Nick Cross
PHI,Q.Mitchell,WSH,A.Williams,1,Tackled after catch,14,Antonio Williams,Quinyon Mitchell
PHI,C.DeJean,WSH,S.Diggs,1,Tackled after catch,17,Stefon Diggs,Cooper DeJean
PHI,M.Epps,WSH,T.McLaurin,1,Tackled after catch,6,Terry McLaurin,Marcus Epps
ATL,J.Bates,CAR,J.Coker,2,Tackled after catch,8,Jalen Coker,Jessie Bates III
CAR,D.Lloyd,ATL,D.London,2,Tackled after catch,14,Drake London,Devin Lloyd
ATL,C.Henderson,CAR,X.Legette,2,Tackled after catch,9,Xavier Legette,C.J. Henderson
ATL,C.Henderson,CAR,J.Brooks,2,Tackled after catch,-5,Jonathon Brooks,C.J. Henderson
CAR,Z.Wheatley,ATL,Z.Branch,2,Tackled after catch,3,Zachariah Branch,Zakee Wheatley
ATL,D.Deablo,CAR,T.McMillan,2,Tackled after catch,8,Tetairoa McMillan,Divine Deablo
CAR,D.Lloyd,ATL,J.Dotson,2,Tackled after catch,8,Jahan Dotson,Devin Lloyd
CAR,B.Okereke,ATL,Bi.Robinson,2,Tackled after catch,3,Bi.Robinson,Bobby Okereke
ATL,M.Hughes,CAR,T.McMillan,2,Tackled after catch,12,Tetairoa McMillan,Mike Hughes
ATL,X.Watts,CAR,T.McMillan,2,Tackled after catch,27,Tetairoa McMillan,Xavier Watts
ATL,X.Watts,CAR,T.Tremble,2,Tackled after catch,4,Tommy Tremble,Xavier Watts
CAR,D.Lloyd,ATL,D.London,2,Tackled after catch,17,Drake London,Devin Lloyd
CAR,W.Lee,ATL,Bi.Robinson,2,Tackled after catch,2,Bi.Robinson,Will Lee
CAR,B.Okereke,ATL,Bi.Robinson,2,Tackled after catch,4,Bi.Robinson,Bobby Okereke
ATL,C.Thomas,CAR,D.Waller,2,Tackled after catch,14,Darren Waller,Cameron Thomas
ATL,M.Hughes,CAR,X.Legette,2,Tackled after catch,55,Xavier Legette,Mike Hughes
ATL,J.Bates,CAR,J.Coker,2,Tackled after catch,3,Jalen Coker,Jessie Bates III
ATL,X.Watts,CAR,J.Coker,2,Tackled after catch,7,Jalen Coker,Xavier Watts
ATL,C.Henderson,CAR,T.McMillan,2,Tackled after catch,28,Tetairoa McMillan,C.J. Henderson
ATL,C.Henderson,CAR,J.Coker,2,Tackled after catch,3,Jalen Coker,C.J. Henderson
ATL,X.Watts,CAR,J.Coker,2,Tackled after catch,5,Jalen Coker,Xavier Watts
CAR,L.Ransom,ATL,C.Blair,2,Tackled after catch,6,Chris Blair,Lathan Ransom
ATL,K.Daniels,CAR,M.Evans,2,Tackled after catch,13,Mitchell Evans,Kendal Daniels
CAR,T.Incoom,ATL,A.Hooper,2,Tackled after catch,13,Austin Hooper,Thomas Incoom
CAR,T.Moehrig,ATL,O.Zaccheaus,2,Tackled after catch,3,Olamide Zaccheaus,Tre'von Moehrig
CAR,M.Jackson,ATL,J.Dotson,2,Tackled after catch,3,Jahan Dotson,Michael Jackson
CAR,J.Moon,ATL,Z.Branch,2,Tackled after catch,11,Zachariah Branch,Jeremiah Moon
CAR,B.Okereke,ATL,Br.Robinson,2,Tackled after catch,4,Br.Robinson,Bobby Okereke
HOU,K.Lassiter,CIN,J.Chase,2,Tackled after catch,6,Ja'Marr Chase,Kamari Lassiter
HOU,K.Lassiter,CIN,J.Chase,2,Tackled after catch,2,Ja'Marr Chase,Kamari Lassiter
CIN,J.Battle,HOU,D.Schultz,2,Tackled after catch,35,Dalton Schultz,Jordan Battle
CIN,D.Knight,HOU,K.Boutte,2,Tackled after catch,15,Kayshon Boutte,Demetrius Knight
CIN,B.Carter,HOU,W.Marks,2,Tackled after catch,4,Woody Marks,Barrett Carter
CIN,B.Cook,HOU,F.Moreau,2,Tackled after catch,25,Foster Moreau,Bryan Cook
CIN,T.Davis,HOU,D.Schultz,2,Tackled after catch,11,Dalton Schultz,Tacario Davis
CIN,D.Turner,HOU,K.Boutte,2,Tackled after catch,1,Kayshon Boutte,DJ Turner
HOU,K.Lassiter,CIN,C.Brown,2,Tackled after catch,-3,Chase Brown,Kamari Lassiter
HOU,A.Al-Shaair,CIN,T.Higgins,2,Tackled after catch,18,Tee Higgins,Azeez Al-Shaair
HOU,A.Al-Shaair,CIN,T.Higgins,2,Tackled after catch,23,Tee Higgins,Azeez Al-Shaair
CIN,D.Hill,HOU,X.Hutchinson,2,Tackled after catch,13,Xavier Hutchinson,Daxton Hill
CIN,J.Davis,HOU,D.Schultz,2,Tackled after catch,15,Dalton Schultz,Jalen Davis
CIN,D.Turner,HOU,X.Hutchinson,2,Tackled after catch,6,Xavier Hutchinson,DJ Turner
CIN,B.Cook,HOU,X.Hutchinson,2,Tackled after catch,18,Xavier Hutchinson,Bryan Cook
CIN,B.Carter,HOU,W.Marks,2,Tackled after catch,-6,Woody Marks,Barrett Carter
HOU,A.Al-Shaair,CIN,T.Higgins,2,Tackled after catch,10,Tee Higgins,Azeez Al-Shaair
CIN,D.Hill,HOU,J.Wayne,2,Tackled after catch,18,Jared Wayne,Daxton Hill
HOU,W.Anderson,CIN,E.All,2,Tackled after catch,5,Erick All Jr.,Will Anderson
HOU,R.Blankenship,CIN,A.Iosivas,2,Tackled after catch,7,Andrei Iosivas,Reed Blankenship
CIN,D.Hill,HOU,F.Moreau,2,Tackled after catch,9,Foster Moreau,Daxton Hill
HOU,A.Al-Shaair,CIN,J.Chase,2,Tackled after catch,4,Ja'Marr Chase,Azeez Al-Shaair
HOU,J.Smith,CIN,S.Perine,2,Tackled after catch,16,Samaje Perine,Jaylin Smith
CIN,J.Davis,HOU,K.Boutte,2,Tackled after catch,21,Kayshon Boutte,Jalen Davis
HOU,D.Stingley,CIN,T.Higgins,2,Tackled after catch,23,Tee Higgins,Derek Stingley Jr.
HOU,T.Togiai,CIN,J.Chase,2,Tackled after catch,5,Ja'Marr Chase,Tommy Togiai
HOU,R.Blankenship,CIN,E.All,2,Tackled after catch,0,Erick All Jr.,Reed Blankenship
CIN,D.Knight,HOU,D.Schultz,2,Tackled after catch,9,Dalton Schultz,Demetrius Knight
CIN,D.Turner,HOU,D.Schultz,2,Tackled after catch,2,Dalton Schultz,DJ Turner
CIN,D.Knight,HOU,D.Schultz,2,Tackled after catch,4,Dalton Schultz,Demetrius Knight
CIN,J.Battle,HOU,W.Marks,2,Tackled after catch,8,Woody Marks,Jordan Battle
CIN,D.Hill,HOU,D.Schultz,2,Tackled after catch,5,Dalton Schultz,Daxton Hill
CIN,J.Battle,HOU,D.Schultz,2,Tackled after catch,25,Dalton Schultz,Jordan Battle
CIN,D.Turner,HOU,J.Wayne,2,Tackled after catch,15,Jared Wayne,DJ Turner
TB,B.Morrison,CLE,K.Concepcion,2,Tackled after catch,9,KC Concepcion,Benjamin Morrison
TB,A.Nelson,CLE,K.Concepcion,2,Tackled after catch,0,KC Concepcion,Anthony Nelson
CLE,G.Delpit,TB,B.Irving,2,Tackled after catch,3,Bucky Irving,Grant Delpit
TB,B.Morrison,CLE,Q.Judkins,2,Tackled after catch,4,Quinshon Judkins,Benjamin Morrison
CLE,Q.Williams,TB,B.Irving,2,Tackled after catch,-3,Bucky Irving,Quincy Williams
CLE,T.Campbell,TB,T.Hurst,2,Tackled after catch,21,Ted Hurst III,Tyson Campbell
CLE,D.Ward,TB,C.Otton,2,Tackled after catch,3,Cade Otton,Denzel Ward
TB,Z.McCollum,CLE,K.Concepcion,2,Tackled after catch,6,KC Concepcion,Zyon McCollum
CLE,S.Williams,TB,K.Gainwell,2,Tackled after catch,5,Kenny Gainwell,Sam Williams
CLE,J.Verse,TB,K.Gainwell,2,Tackled after catch,-2,Kenny Gainwell,Jared Verse
CLE,N.Igbinoghene,TB,C.Godwin,2,Tackled after catch,24,Chris Godwin Jr.,Noah Igbinoghene
CLE,I.McGuire,TB,C.Otton,2,Tackled after catch,9,Cade Otton,Isaiah McGuire
CLE,C.Schwesinger,TB,B.Irving,2,Tackled after catch,-3,Bucky Irving,Carson Schwesinger
TB,Z.McCollum,CLE,D.Boston,2,Tackled after catch,15,Denzel Boston,Zyon McCollum
TB,B.Morrison,CLE,K.Concepcion,2,Tackled after catch,9,KC Concepcion,Benjamin Morrison
TB,B.Morrison,CLE,I.Bond,2,Tackled after catch,10,Isaiah Bond,Benjamin Morrison
TB,J.Trotter,CLE,K.Concepcion,2,Tackled after catch,6,KC Concepcion,Josiah Trotter
TB,T.Smith,CLE,K.Concepcion,2,Tackled after catch,-2,KC Concepcion,Tykee Smith
CLE,N.Igbinoghene,TB,C.Otton,2,Tackled after catch,13,Cade Otton,Noah Igbinoghene
TB,A.Winfield,CLE,H.Fannin,2,Tackled after catch,13,Harold Fannin Jr.,Antoine Winfield Jr.
TB,J.Trotter,CLE,Q.Judkins,2,Tackled after catch,13,Quinshon Judkins,Josiah Trotter
CLE,G.Delpit,TB,C.Godwin,2,Tackled after catch,14,Chris Godwin Jr.,Grant Delpit
CLE,T.Campbell,TB,T.Johnson,2,Tackled after catch,49,Tez Johnson,Tyson Campbell
CLE,D.Ward,TB,E.Egbuka,2,Tackled after catch,4,Emeka Egbuka,Denzel Ward
CLE,C.Schwesinger,TB,B.Irving,2,Tackled after catch,4,Bucky Irving,Carson Schwesinger
TB,J.Trotter,CLE,Q.Judkins,2,Tackled after catch,3,Quinshon Judkins,Josiah Trotter
TB,Z.McCollum,CLE,D.Boston,2,Tackled after catch,9,Denzel Boston,Zyon McCollum
TB,K.Scott,CLE,H.Fannin,2,Tackled after catch,8,Harold Fannin Jr.,Keionte Scott
TB,B.Morrison,CLE,D.Boston,2,Tackled after catch,8,Denzel Boston,Benjamin Morrison
CLE,Q.Williams,TB,C.Otton,2,Tackled after catch,4,Cade Otton,Quincy Williams
CLE,M.Harden,TB,C.Godwin,2,Tackled after catch,8,Chris Godwin Jr.,Myles Harden
CLE,M.Blackmon,TB,T.Hurst,2,Tackled after catch,6,Ted Hurst III,Mekhi Blackmon
DET,D.White,BUF,K.Shakir,2,Tackled after catch,9,Khalil Shakir,Devin White
DET,J.Campbell,BUF,K.Shakir,2,Tackled after catch,13,Khalil Shakir,Jack Campbell
BUF,D.Williams,DET,S.LaPorta,2,Tackled after catch,2,Sam LaPorta,Dorian Williams
DET,R.Ya-Sin,BUF,K.Coleman,2,Tackled after catch,7,Keon Coleman,Rock Ya-Sin
DET,D.Barnes,BUF,D.Kincaid,2,Tackled after catch,12,Dalton Kincaid,Derrick Barnes
DET,C.Clark,BUF,K.Coleman,2,Tackled after catch,22,Keon Coleman,Chuck Clark
DET,R.Ya-Sin,BUF,K.Coleman,2,Tackled after catch,4,Keon Coleman,Rock Ya-Sin
BUF,D.Williams,DET,J.Gibbs,2,Tackled after catch,12,Jahmyr Gibbs,Dorian Williams
BUF,D.Williams,DET,S.Vaki,2,Tackled after catch,13,Sione Vaki,Dorian Williams
BUF,C.Bishop,DET,J.Gibbs,2,Tackled after catch,8,Jahmyr Gibbs,Cole Bishop
BUF,D.Igbinosun,DET,A.St. Brown,2,Tackled after catch,11,A.St. Brown,Davison Igbinosun
BUF,T.Bernard,DET,S.LaPorta,2,Tackled after catch,12,Sam LaPorta,Terrel Bernard
DET,C.Clark,BUF,D.Kincaid,2,Tackled after catch,6,Dalton Kincaid,Chuck Clark
BUF,J.Hancock,DET,S.LaPorta,2,Tackled after catch,12,Sam LaPorta,Jordan Hancock
BUF,M.Hairston,DET,J.Williams,2,Tackled after catch,16,Jameson Williams,Maxwell Hairston
BUF,J.Hancock,DET,I.TeSlaa,2,Tackled after catch,6,Isaac TeSlaa,Jordan Hancock
BUF,C.Benford,DET,A.St. Brown,2,Tackled after catch,21,A.St. Brown,Christian Benford
BUF,J.Hancock,DET,S.LaPorta,2,Tackled after catch,18,Sam LaPorta,Jordan Hancock
BUF,T.Bernard,DET,J.Gibbs,2,Tackled after catch,9,Jahmyr Gibbs,Terrel Bernard
DET,D.White,BUF,D.Knox,2,Tackled after catch,4,Dawson Knox,Devin White
DET,R.Ya-Sin,BUF,K.Coleman,2,Tackled after catch,9,Keon Coleman,Rock Ya-Sin
BUF,D.Igbinosun,DET,A.St. Brown,2,Tackled after catch,34,A.St. Brown,Davison Igbinosun
BUF,C.Bishop,DET,S.LaPorta,2,Tackled after catch,7,Sam LaPorta,Cole Bishop
DET,T.Harper,BUF,D.Kincaid,2,Tackled after catch,7,Dalton Kincaid,Thomas Harper
DET,R.Ya-Sin,BUF,K.Coleman,2,Tackled after catch,9,Keon Coleman,Rock Ya-Sin
DET,J.Campbell,BUF,K.Coleman,2,Tackled after catch,12,Keon Coleman,Jack Campbell
BUF,C.Benford,DET,I.TeSlaa,2,Tackled after catch,20,Isaac TeSlaa,Christian Benford
BUF,C.Bishop,DET,J.Gibbs,2,Tackled after catch,12,Jahmyr Gibbs,Cole Bishop
NYJ,D.Davis,GB,J.Reed,2,Tackled after catch,4,Jayden Reed,Demario Davis
GB,Z.Franklin,NYJ,K.Sadiq,2,Tackled after catch,5,Kenyon Sadiq,Zaire Franklin
GB,E.Cooper,NYJ,A.Mitchell,2,Tackled after catch,7,Adonai Mitchell,Edgerrin Cooper
GB,E.Williams,NYJ,B.Hall,2,Tackled after catch,12,Breece Hall,Evan Williams
NYJ,B.Stephens,GB,M.Lloyd,2,Tackled after catch,0,MarShawn Lloyd,Brandon Stephens
NYJ,A.Thomas,GB,S.Moore,2,Tackled after catch,-1,Skyy Moore,Azareye'h Thomas
GB,E.Williams,NYJ,B.Hall,2,Tackled after catch,7,Breece Hall,Evan Williams
NYJ,D.Belton,GB,C.Watson,2,Tackled after catch,20,Christian Watson,Dane Belton
NYJ,B.Stephens,GB,C.Watson,2,Tackled after catch,13,Christian Watson,Brandon Stephens
GB,K.Nixon,NYJ,G.Wilson,2,Tackled after catch,16,Garrett Wilson,Keisean Nixon
GB,K.Nixon,NYJ,A.Mitchell,2,Tackled after catch,15,Adonai Mitchell,Keisean Nixon
GB,K.Nixon,NYJ,J.Ruckert,2,Tackled after catch,5,Jeremy Ruckert,Keisean Nixon
GB,J.Bullard,NYJ,B.Hall,2,Tackled after catch,-3,Breece Hall,Javon Bullard
GB,B.Cox,NYJ,I.Williams,2,Tackled after catch,8,Isaiah Williams,Brenton Cox
GB,E.Williams,NYJ,A.Mitchell,2,Tackled after catch,8,Adonai Mitchell,Evan Williams
GB,B.Sorrell,NYJ,I.Williams,2,Tackled after catch,1,Isaiah Williams,Barryn Sorrell
GB,K.Nixon,NYJ,G.Wilson,2,Tackled after catch,17,Garrett Wilson,Keisean Nixon
GB,E.Cooper,NYJ,I.Williams,2,Tackled after catch,4,Isaiah Williams,Edgerrin Cooper
NYJ,D.Davis,GB,M.Golden,2,Tackled after catch,8,Matthew Golden,Demario Davis
GB,D.Dennis-Sutton,NYJ,B.Hall,2,Tackled after catch,4,Breece Hall,Dani Dennis-Sutton
GB,E.Williams,NYJ,I.Williams,2,Tackled after catch,9,Isaiah Williams,Evan Williams
GB,E.Williams,NYJ,B.Allen,2,Tackled after catch,8,Braelon Allen,Evan Williams
GB,K.Nixon,NYJ,B.Hall,2,Tackled after catch,43,Breece Hall,Keisean Nixon
NYJ,B.Stephens,GB,S.Moore,2,Tackled after catch,7,Skyy Moore,Brandon Stephens
NYJ,A.Thomas,GB,M.Golden,2,Tackled after catch,18,Matthew Golden,Azareye'h Thomas
GB,B.Cisse,NYJ,A.Mitchell,2,Tackled after catch,11,Adonai Mitchell,Brandon Cisse
GB,X.McKinney,NYJ,I.Williams,2,Tackled after catch,4,Isaiah Williams,Xavier McKinney
GB,K.Nixon,NYJ,G.Wilson,2,Tackled after catch,11,Garrett Wilson,Keisean Nixon
GB,L.Van Ness,NYJ,G.Wilson,2,Tackled after catch,8,Garrett Wilson,Lukas Van Ness
NYJ,D.Belton,GB,C.Watson,2,Tackled after catch,5,Christian Watson,Dane Belton
NYJ,J.Brownlee,GB,C.Brooks,2,Tackled after catch,15,Chris Brooks,Jarvis Brownlee
NYJ,A.Cisco,GB,M.Golden,2,Tackled after catch,14,Matthew Golden,Andre Cisco
KC,L.Sneed,IND,A.Pierce,2,Tackled after catch,11,Alec Pierce,L'Jarius Sneed
KC,N.Williams,IND,L.Treadwell,2,Tackled after catch,10,Laquon Treadwell,Nohl Williams
KC,L.Sneed,IND,J.Downs,2,Tackled after catch,11,Josh Downs,L'Jarius Sneed
IND,A.Davis-Gaither,KC,X.Worthy,2,Tackled after catch,16,Xavier Worthy,Akeem Davis-Gaither
KC,C.Roland-Wallace,IND,J.Downs,2,Tackled after catch,14,Josh Downs,Christian Roland-Wallace
IND,A.Davis-Gaither,KC,X.Worthy,2,Tackled after catch,6,Xavier Worthy,Akeem Davis-Gaither
KC,N.Bolton,IND,T.Warren,2,Tackled after catch,8,Tyler Warren,Nick Bolton
IND,C.Bynum,KC,R.Rice,2,Tackled after catch,16,Rashee Rice,Camryn Bynum
IND,L.Latu,KC,T.Kelce,2,Tackled after catch,11,Travis Kelce,Laiatu Latu
IND,A.Haulcy,KC,K.Walker,2,Tackled after catch,11,Kenneth Walker III,A.J. Haulcy
IND,L.Latu,KC,X.Worthy,2,Tackled after catch,4,Xavier Worthy,Laiatu Latu
KC,L.Sneed,IND,J.Downs,2,Tackled after catch,7,Josh Downs,L'Jarius Sneed
IND,J.Carlies,KC,E.Johnson,2,Tackled after catch,8,Emmett Johnson,Jaylon Carlies
IND,J.Walley,KC,T.Thornton,2,Tackled after catch,5,Tyquan Thornton,Justin Walley
IND,A.Davis-Gaither,KC,T.Kelce,2,Tackled after catch,-1,Travis Kelce,Akeem Davis-Gaither
IND,J.Carlies,KC,T.Thornton,2,Tackled after catch,45,Tyquan Thornton,Jaylon Carlies
KC,J.Hicks,IND,J.Taylor,2,Tackled after catch,15,Jonathan Taylor,Jaden Hicks
IND,B.Boettcher,KC,T.Kelce,2,Tackled after catch,11,Travis Kelce,Bryce Boettcher
IND,J.Tillery,KC,E.Johnson,2,Tackled after catch,12,Emmett Johnson,Jerry Tillery
IND,K.Gushiken,KC,X.Worthy,2,Tackled after catch,-2,Xavier Worthy,Kapena Gushiken
KC,G.Karlaftis,IND,T.Warren,2,Tackled after catch,4,Tyler Warren,George Karlaftis III
KC,N.Bolton,IND,J.Taylor,2,Tackled after catch,7,Jonathan Taylor,Nick Bolton
KC,A.Gilman,IND,J.Downs,2,Tackled after catch,20,Josh Downs,Alohi Gilman
KC,J.Hicks,IND,T.Warren,2,Tackled after catch,-2,Tyler Warren,Jaden Hicks
KC,K.Fulton,IND,K.Allen,2,Tackled after catch,5,Keenan Allen,Kristian Fulton
IND,A.Davis-Gaither,KC,K.Walker,2,Tackled after catch,3,Kenneth Walker III,Akeem Davis-Gaither
KC,D.Tranquill,IND,J.Taylor,2,Tackled after catch,14,Jonathan Taylor,Drue Tranquill
KC,N.Williams,IND,J.Downs,2,Tackled after catch,5,Josh Downs,Nohl Williams
IND,A.Davis-Gaither,KC,T.Kelce,2,Tackled after catch,17,Travis Kelce,Akeem Davis-Gaither
IND,H.Wohler,KC,T.Thornton,2,Tackled after catch,30,Tyquan Thornton,Hunter Wohler
IND,B.Boettcher,KC,T.Kelce,2,Tackled after catch,11,Travis Kelce,Bryce Boettcher
KC,L.Sneed,IND,L.Treadwell,2,Tackled after catch,48,Laquon Treadwell,L'Jarius Sneed
IND,C.Bynum,KC,K.Walker,2,Tackled after catch,22,Kenneth Walker III,Camryn Bynum
DEN,P.Surtain,JAX,P.Washington,2,Tackled after catch,5,Parker Washington,Patrick Surtain II
JAX,F.Oluokun,DEN,J.Waddle,2,Tackled after catch,1,Jaylen Waddle,Foyesade Oluokun
JAX,M.Brown,DEN,J.Coleman,2,Tackled after catch,7,Jonah Coleman,Montaric Brown
JAX,M.Brown,DEN,T.Badie,2,Tackled after catch,1,Tyler Badie,Montaric Brown
DEN,J.McMillian,JAX,P.Washington,2,Tackled after catch,9,Parker Washington,Ja'Quan McMillian
JAX,V.Miller,DEN,N.Adkins,2,Tackled after catch,7,Nate Adkins,Ventrell Miller
DEN,T.Hufanga,JAX,B.Strange,2,Tackled after catch,14,Brenton Strange,Talanoa Hufanga
DEN,B.Jones,JAX,Bri.Thomas,2,Tackled after catch,22,Bri.Thomas,Brandon Jones
DEN,T.Hufanga,JAX,B.Tuten,2,Tackled after catch,-3,Bhayshul Tuten,Talanoa Hufanga
DEN,B.Jones,JAX,P.Washington,2,Tackled after catch,32,Parker Washington,Brandon Jones
JAX,A.Johnson,DEN,C.Sutton,2,Tackled after catch,8,Courtland Sutton,Antonio Johnson
JAX,M.Brown,DEN,J.Waddle,2,Tackled after catch,49,Jaylen Waddle,Montaric Brown
JAX,A.Johnson,DEN,J.Waddle,2,Tackled after catch,20,Jaylen Waddle,Antonio Johnson
JAX,J.Lewis,DEN,T.Badie,2,Tackled after catch,27,Tyler Badie,Jourdan Lewis
DEN,R.Moss,JAX,Bri.Thomas,2,Tackled after catch,9,Bri.Thomas,Riley Moss
DEN,J.McMillian,JAX,P.Washington,2,Tackled after catch,18,Parker Washington,Ja'Quan McMillian
DEN,J.McMillian,JAX,P.Washington,2,Tackled after catch,5,Parker Washington,Ja'Quan McMillian
DEN,P.Surtain,JAX,Bri.Thomas,2,Tackled after catch,9,Bri.Thomas,Patrick Surtain II
DEN,P.Surtain,JAX,P.Washington,2,Tackled after catch,18,Parker Washington,Patrick Surtain II
DEN,A.Singleton,JAX,B.Strange,2,Tackled after catch,3,Brenton Strange,Alex Singleton
DEN,B.Jones,JAX,B.Tuten,2,Tackled after catch,0,Bhayshul Tuten,Brandon Jones
JAX,F.Oluokun,DEN,J.Waddle,2,Tackled after catch,16,Jaylen Waddle,Foyesade Oluokun
JAX,J.Lewis,DEN,C.Sutton,2,Tackled after catch,10,Courtland Sutton,Jourdan Lewis
JAX,J.Jones,DEN,N.Adkins,2,Tackled after catch,18,Nate Adkins,Jarrian Jones
JAX,D.Gardeck,DEN,A.Prentice,2,Tackled after catch,2,Adam Prentice,Dennis Gardeck
JAX,E.Murray,DEN,J.Waddle,2,Tackled after catch,14,Jaylen Waddle,Eric Murray
JAX,M.Brown,DEN,J.Waddle,2,Tackled after catch,8,Jaylen Waddle,Montaric Brown
DEN,T.Hufanga,JAX,J.Meyers,2,Tackled after catch,28,Jakobi Meyers,Talanoa Hufanga
JAX,J.Lewis,DEN,J.Coleman,2,Tackled after catch,4,Jonah Coleman,Jourdan Lewis
JAX,J.Lewis,DEN,J.Waddle,2,Tackled after catch,29,Jaylen Waddle,Jourdan Lewis
LV,N.Dean,LAC,Q.Johnston,2,Tackled after catch,7,Quentin Johnston,Nakobe Dean
LV,Q.Walker,LAC,D.Njoku,2,Tackled after catch,9,David Njoku,Quay Walker
LAC,T.Jefferson,LV,T.Tucker,2,Tackled after catch,15,Tre Tucker,Tony Jefferson
LAC,D.James,LV,A.Jeanty,2,Tackled after catch,5,Ashton Jeanty,Derwin James
LV,T.Johnson,LAC,B.Thompson,2,Tackled after catch,13,Brenen Thompson,Taron Johnson
LAC,D.Jackson,LV,J.Bech,2,Tackled after catch,20,Jack Bech,Donte Jackson
LAC,C.Hart,LV,T.Tucker,2,Tackled after catch,13,Tre Tucker,Cam Hart
LV,I.Pola-Mao,LAC,L.McConkey,2,Tackled after catch,19,Ladd McConkey,Isaiah Pola-Mao
LV,N.Dean,LAC,O.Hampton,2,Tackled after catch,18,Omarion Hampton,Nakobe Dean
LAC,D.Phillips,LV,M.Mayer,2,Tackled after catch,10,Michael Mayer,Del'Shawn Phillips
LAC,C.Hart,LV,J.Bech,2,Tackled after catch,5,Jack Bech,Cam Hart
LV,E.Stokes,LAC,C.Kolar,2,Tackled after catch,5,Charlie Kolar,Eric Stokes
LV,Q.Walker,LAC,C.Kolar,2,Tackled after catch,8,Charlie Kolar,Quay Walker
LAC,C.Hart,LV,T.Tucker,2,Tackled after catch,42,Tre Tucker,Cam Hart
LV,H.Masses,LAC,O.Hampton,2,Tackled after catch,3,Omarion Hampton,Hezekiah Masses
LV,J.Chinn,LAC,T.Harris,2,Tackled after catch,53,Tre' Harris,Jeremy Chinn
LAC,R.Mickens,LV,A.Jeanty,2,Tackled after catch,2,Ashton Jeanty,R.J. Mickens
LAC,D.Jackson,LV,T.Tucker,2,Tackled after catch,9,Tre Tucker,Donte Jackson
LAC,D.Phillips,LV,I.Thomas,2,Tackled after catch,11,Ian Thomas,Del'Shawn Phillips
LAC,T.Dye,LV,A.Jeanty,2,Tackled after catch,7,Ashton Jeanty,Troy Dye
LV,T.Johnson,LAC,L.McConkey,2,Tackled after catch,12,Ladd McConkey,Taron Johnson
LV,J.Chinn,LAC,K.Mitchell,2,Tackled after catch,15,Keaton Mitchell,Jeremy Chinn
LV,T.Booker,LAC,O.Gadsden,2,Tackled after catch,8,Oronde Gadsden,Thomas Booker
LV,N.Dean,LAC,L.McConkey,2,Tackled after catch,4,Ladd McConkey,Nakobe Dean
SF,F.Warner,MIA,D.Herman,2,Tackled after catch,18,DJ Herman,Fred Warner
SF,D.Greenlaw,MIA,D.Achane,2,Tackled after catch,6,De'Von Achane,Dre Greenlaw
MIA,M.Taaffe,SF,D.Samuel,2,Tackled after catch,2,Deebo Samuel Sr.,Michael Taaffe
MIA,C.Johnson,SF,D.Robinson,2,Tackled after catch,9,Demarcus Robinson,Chris Johnson
MIA,M.Taaffe,SF,C.McCaffrey,2,Tackled after catch,11,Christian McCaffrey,Michael Taaffe
MIA,J.Marshall,SF,M.Evans,2,Tackled after catch,10,Mike Evans,Jason Marshall
SF,D.Greenlaw,MIA,M.Washington,2,Tackled after catch,5,Malik Washington,Dre Greenlaw
MIA,J.Rodriguez,SF,D.Robinson,2,Tackled after catch,6,Demarcus Robinson,Jacob Rodriguez
MIA,J.Marshall,SF,D.Robinson,2,Tackled after catch,19,Demarcus Robinson,Jason Marshall
SF,D.Greenlaw,MIA,D.Achane,2,Tackled after catch,6,De'Von Achane,Dre Greenlaw
SF,U.Stout,MIA,M.Washington,2,Tackled after catch,23,Malik Washington,Upton Stout
SF,D.Lenoir,MIA,C.Douglas,2,Tackled after catch,8,Caleb Douglas,Deommodore Lenoir
MIA,Z.Anderson,SF,G.Kittle,2,Tackled after catch,40,George Kittle,Zayne Anderson
MIA,J.Brooks,SF,C.McCaffrey,2,Tackled after catch,8,Christian McCaffrey,Jordyn Brooks
MIA,J.Brents,SF,D.Samuel,2,Tackled after catch,21,Deebo Samuel Sr.,Julius Brents
MIA,Z.Anderson,SF,M.Evans,2,Tackled after catch,17,Mike Evans,Zayne Anderson
MIA,W.Gay,SF,K.Juszczyk,2,Tackled after catch,21,Kyle Juszczyk,Willie Gay Jr.
MIA,J.Rodriguez,SF,G.Kittle,2,Tackled after catch,2,George Kittle,Jacob Rodriguez
SF,D.Greenlaw,MIA,G.Dulcich,2,Tackled after catch,11,Greg Dulcich,Dre Greenlaw
MIA,J.Uche,SF,M.Evans,2,Tackled after catch,27,Mike Evans,Joshua Uche
SF,D.Lenoir,MIA,W.Kacmarek,2,Tackled after catch,4,Will Kacmarek,Deommodore Lenoir
MIA,M.Taaffe,SF,G.Kittle,2,Tackled after catch,26,George Kittle,Michael Taaffe
MIA,J.Uche,SF,C.McCaffrey,2,Tackled after catch,8,Christian McCaffrey,Joshua Uche
SF,J.Brown,MIA,C.Douglas,2,Tackled after catch,11,Caleb Douglas,Ji'Ayir Brown
SF,K.Kareem,MIA,G.Dulcich,2,Tackled after catch,6,Greg Dulcich,Khalid Kareem
CHI,T.Stevenson,MIN,J.Jefferson,2,Tackled after catch,30,Justin Jefferson,Tyrique Stevenson
CHI,J.Johnson,MIN,J.Addison,2,Tackled after catch,6,Jordan Addison,Jaylon Johnson
CHI,D.Bush,MIN,T.Hockenson,2,Tackled after catch,7,T.J. Hockenson,Devin Bush Jr.
MIN,B.Murphy,CHI,D.Swift,2,Tackled after catch,7,D'Andre Swift,Byron Murphy
MIN,D.Turner,CHI,C.Loveland,2,Tackled after catch,3,Colston Loveland,Dallas Turner
CHI,C.Lewis,MIN,J.Jefferson,2,Tackled after catch,16,Justin Jefferson,Cameron Lewis
CHI,T.Edwards,MIN,D.Claiborne,2,Tackled after catch,2,Demond Claiborne,T.J. Edwards
MIN,B.Cashman,CHI,K.Raymond,2,Tackled after catch,4,Kalif Raymond,Blake Cashman
MIN,H.Smith,CHI,K.Raymond,2,Tackled after catch,16,Kalif Raymond,Harrison Smith
MIN,B.Murphy,CHI,K.Raymond,2,Tackled after catch,5,Kalif Raymond,Byron Murphy
MIN,H.Smith,CHI,D.Swift,2,Tackled after catch,3,D'Andre Swift,Harrison Smith
MIN,J.Metellus,CHI,D.Swift,2,Tackled after catch,11,D'Andre Swift,Josh Metellus
CHI,M.Muhammad,MIN,J.Jefferson,2,Tackled after catch,9,Justin Jefferson,Malik Muhammad
MIN,H.Smith,CHI,R.Odunze,2,Tackled after catch,7,Rome Odunze,Harrison Smith
MIN,J.Metellus,CHI,K.Raymond,2,Tackled after catch,7,Kalif Raymond,Josh Metellus
CHI,D.Thieneman,MIN,J.Oliver,2,Tackled after catch,24,Josh Oliver,Dillon Thieneman
CHI,T.Edwards,MIN,D.Dallas,2,Tackled after catch,12,DeeJay Dallas,T.J. Edwards
MIN,E.Wilson,CHI,D.Swift,2,Tackled after catch,32,D'Andre Swift,Eric Wilson
MIN,T.Jackson,CHI,R.Odunze,2,Tackled after catch,15,Rome Odunze,Theo Jackson
CHI,C.Lewis,MIN,J.Addison,2,Tackled after catch,15,Jordan Addison,Cameron Lewis
CHI,J.Johnson,MIN,T.Hockenson,2,Tackled after catch,19,T.J. Hockenson,Jaylon Johnson
MIN,J.Pierre,CHI,L.Burden,2,Tackled after catch,6,Luther Burden III,James Pierre
MIN,B.Murphy,CHI,L.Burden,2,Tackled after catch,18,Luther Burden III,Byron Murphy
MIN,I.Rodgers,CHI,R.Odunze,2,Tackled after catch,21,Rome Odunze,Isaiah Rodgers
MIN,J.Pierre,CHI,L.Burden,2,Tackled after catch,8,Luther Burden III,James Pierre
NO,K.McKinstry,BAL,M.Andrews,2,Tackled after catch,10,Mark Andrews,Kool-Aid McKinstry
NO,P.Werner,BAL,M.Andrews,2,Tackled after catch,5,Mark Andrews,Pete Werner
NO,J.Reid,BAL,D.Henry,2,Tackled after catch,20,Derrick Henry,Justin Reid
BAL,M.Humphrey,NO,C.Olave,2,Tackled after catch,20,Chris Olave,Marlon Humphrey
BAL,T.Simpson,NO,A.Kamara,2,Tackled after catch,2,Alvin Kamara,Trenton Simpson
BAL,K.Hamilton,NO,D.Vele,2,Tackled after catch,11,Devaughn Vele,Kyle Hamilton
BAL,T.Simpson,NO,C.Olave,2,Tackled after catch,1,Chris Olave,Trenton Simpson
BAL,C.Rivers,NO,J.Johnson,2,Tackled after catch,10,Juwan Johnson,Chandler Rivers
NO,M.Emerson,BAL,D.Walker,2,Tackled after catch,47,Devontez Walker,Martin Emerson
NO,J.Blackmon,BAL,L.Wester,2,Tackled after catch,14,LaJohntay Wester,Julian Blackmon
NO,M.Emerson,BAL,J.Hill,2,Tackled after catch,8,Justice Hill,Martin Emerson
BAL,N.Wiggins,NO,A.Kamara,2,Tackled after catch,2,Alvin Kamara,Nate Wiggins
BAL,J.Hawkins,NO,D.Vele,2,Tackled after catch,29,Devaughn Vele,Jaylinn Hawkins
BAL,N.Wiggins,NO,C.Olave,2,Tackled after catch,11,Chris Olave,Nate Wiggins
BAL,C.Rivers,NO,A.Kamara,2,Tackled after catch,-4,Alvin Kamara,Chandler Rivers
NO,P.Werner,BAL,C.Moore,2,Tackled after catch,6,Chris Moore,Pete Werner
NO,P.Werner,BAL,R.Bateman,2,Tackled after catch,9,Rashod Bateman,Pete Werner
NO,J.Reid,BAL,M.Andrews,2,Tackled after catch,5,Mark Andrews,Justin Reid
NO,J.Reid,BAL,J.Hill,2,Tackled after catch,4,Justice Hill,Justin Reid
BAL,N.Wiggins,NO,J.Johnson,2,Tackled after catch,25,Juwan Johnson,Nate Wiggins
BAL,R.Smith,NO,T.Etienne,2,Tackled after catch,6,Travis Etienne Jr.,Roquan Smith
NO,J.Sanker,BAL,M.Andrews,2,Tackled after catch,7,Mark Andrews,Jonas Sanker
NO,P.Werner,BAL,R.Bateman,2,Tackled after catch,6,Rashod Bateman,Pete Werner
NO,C.Granderson,BAL,D.Henry,2,Tackled after catch,-3,Derrick Henry,Carl Granderson
BAL,M.Humphrey,NO,B.Lance,2,Tackled after catch,8,Bryce Lance,Marlon Humphrey
BAL,M.Starks,NO,O.Delp,2,Tackled after catch,8,Oscar Delp,Malaki Starks
BAL,K.Hamilton,NO,C.Olave,2,Tackled after catch,3,Chris Olave,Kyle Hamilton
BAL,M.Starks,NO,C.Olave,2,Tackled after catch,12,Chris Olave,Malaki Starks
NO,K.McKinstry,BAL,R.Bateman,2,Tackled after catch,7,Rashod Bateman,Kool-Aid McKinstry
BAL,K.Hamilton,NO,D.Vele,2,Tackled after catch,5,Devaughn Vele,Kyle Hamilton
BAL,M.Humphrey,NO,C.Olave,2,Tackled after catch,3,Chris Olave,Marlon Humphrey
BAL,M.Humphrey,NO,D.Vele,2,Tackled after catch,6,Devaughn Vele,Marlon Humphrey
BAL,J.Hawkins,NO,J.Johnson,2,Tackled after catch,25,Juwan Johnson,Jaylinn Hawkins
NO,Q.Riley,BAL,R.Bateman,2,Tackled after catch,7,Rashod Bateman,Quincy Riley
NO,P.Werner,BAL,M.Andrews,2,Tackled after catch,14,Mark Andrews,Pete Werner
LAR,Q.Lake,NYG,I.Likely,2,Tackled after catch,4,Isaiah Likely,Quentin Lake
LAR,J.Watson,NYG,M.Fields,2,Tackled after catch,14,Malachi Fields,Jaylen Watson
LAR,K.Curl,NYG,C.Skattebo,2,Tackled after catch,2,Cam Skattebo,Kamren Curl
NYG,C.Hood,LAR,K.Williams,2,Tackled after catch,2,Kyren Williams,Colton Hood
LAR,J.Wallace,NYG,M.Nabers,2,Tackled after catch,1,Malik Nabers,Josh Wallace
NYG,A.Reese,LAR,T.Ferguson,2,Tackled after catch,8,Terrance Ferguson,Arvell Reese
NYG,A.Phillips,LAR,C.Parkinson,2,Tackled after catch,7,Colby Parkinson,Andru Phillips
NYG,A.Washington,LAR,D.Adams,2,Tackled after catch,19,Davante Adams,Ar'Darius Washington
NYG,T.Nubin,LAR,T.Ferguson,2,Tackled after catch,6,Terrance Ferguson,Tyler Nubin
NYG,A.Reese,LAR,D.Adams,2,Tackled after catch,4,Davante Adams,Arvell Reese
NYG,T.Nubin,LAR,T.Ferguson,2,Tackled after catch,6,Terrance Ferguson,Tyler Nubin
NYG,J.Holland,LAR,D.Adams,2,Tackled after catch,64,Davante Adams,Jevon Holland
LAR,K.Curl,NYG,D.Mooney,2,Tackled after catch,33,Darnell Mooney,Kamren Curl
LAR,J.Watson,NYG,I.Likely,2,Tackled after catch,5,Isaiah Likely,Jaylen Watson
LAR,Q.Lake,NYG,C.Skattebo,2,Tackled after catch,19,Cam Skattebo,Quentin Lake
NYG,G.Newsome,LAR,D.Adams,2,Tackled after catch,27,Davante Adams,Greg Newsome II
LAR,K.Curl,NYG,I.Likely,2,Tackled after catch,13,Isaiah Likely,Kamren Curl
LAR,N.Landman,NYG,C.Skattebo,2,Tackled after catch,-2,Cam Skattebo,Nathan Landman
NYG,G.Newsome,LAR,D.Adams,2,Tackled after catch,16,Davante Adams,Greg Newsome II
NYG,T.Nubin,LAR,D.Adams,2,Tackled after catch,23,Davante Adams,Tyler Nubin
LAR,J.Wallace,NYG,D.Mooney,2,Tackled after catch,15,Darnell Mooney,Josh Wallace
NYG,T.Nubin,LAR,K.Mumpfield,2,Tackled after catch,12,Konata Mumpfield,Tyler Nubin
NYG,G.Newsome,LAR,T.Ferguson,2,Tackled after catch,9,Terrance Ferguson,Greg Newsome II
NYG,C.Hood,LAR,C.Parkinson,2,Tackled after catch,8,Colby Parkinson,Colton Hood
LAR,Q.Lake,NYG,I.Likely,2,Tackled after catch,6,Isaiah Likely,Quentin Lake
LAR,J.Watson,NYG,M.Fields,2,Tackled after catch,16,Malachi Fields,Jaylen Watson
LAR,T.McDuffie,NYG,I.Likely,2,Tackled after catch,5,Isaiah Likely,Trent McDuffie
LAR,Q.Lake,NYG,C.Skattebo,2,Tackled after catch,0,Cam Skattebo,Quentin Lake
NYG,N.Jones,LAR,D.Allen,2,Tackled after catch,7,Davis Allen,Nic Jones
PHI,J.Campbell,TEN,T.Pollard,2,Tackled after catch,1,Tony Pollard,Jihaad Campbell
TEN,C.Barton,PHI,D.Goedert,2,Tackled after catch,4,Dallas Goedert,Cody Barton
TEN,A.Taylor,PHI,D.Smith,2,Tackled after catch,8,DeVonta Smith,Alontae Taylor
TEN,A.Hill,PHI,T.Bigsby,2,Tackled after catch,7,Tank Bigsby,Anthony Hill
TEN,A.Hill,PHI,D.Smith,2,Tackled after catch,10,DeVonta Smith,Anthony Hill
TEN,K.Winston,PHI,M.Lemon,2,Tackled after catch,14,Makai Lemon,Kevin Winston
TEN,A.Hooker,PHI,D.Smith,2,Tackled after catch,8,DeVonta Smith,Amani Hooker
PHI,C.DeJean,TEN,G.Helm,2,Tackled after catch,5,Gunnar Helm,Cooper DeJean
TEN,M.Robinson,PHI,D.Wicks,2,Tackled after catch,5,Dontayvion Wicks,Micah Robinson
TEN,A.Taylor,PHI,W.Shipley,2,Tackled after catch,-2,Will Shipley,Alontae Taylor
TEN,A.Hooker,PHI,D.Wicks,2,Tackled after catch,15,Dontayvion Wicks,Amani Hooker
PHI,J.Campbell,TEN,T.Spears,2,Tackled after catch,2,Tyjae Spears,Jihaad Campbell
PHI,Z.Baun,TEN,E.Ayomanor,2,Tackled after catch,28,Elic Ayomanor,Zack Baun
TEN,C.Gray,PHI,S.Barkley,2,Tackled after catch,11,Saquon Barkley,Cedric Gray
PHI,A.Mukuba,TEN,W.Robinson,2,Tackled after catch,9,Wan'Dale Robinson,Andrew Mukuba
PHI,Q.Mitchell,TEN,C.Ridley,2,Tackled after catch,10,Calvin Ridley,Quinyon Mitchell
TEN,C.Barton,PHI,J.Mundt,2,Tackled after catch,2,Johnny Mundt,Cody Barton
TEN,A.Taylor,PHI,D.Smith,2,Tackled after catch,13,DeVonta Smith,Alontae Taylor
TEN,K.Winston,PHI,D.Cooper,2,Tackled after catch,23,Darius Cooper,Kevin Winston
PHI,J.Campbell,TEN,E.Ayomanor,2,Tackled after catch,41,Elic Ayomanor,Jihaad Campbell
PHI,Q.Mitchell,TEN,C.Tate,2,Tackled after catch,6,Carnell Tate,Quinyon Mitchell
TEN,M.Harris,PHI,D.Wicks,2,Tackled after catch,20,Dontayvion Wicks,Marcus Harris
TEN,A.Taylor,PHI,D.Smith,2,Tackled after catch,9,DeVonta Smith,Alontae Taylor
TEN,M.Robinson,PHI,D.Smith,2,Tackled after catch,19,DeVonta Smith,Micah Robinson
PIT,J.Ramsey,NE,D.Douglas,2,Tackled after catch,9,DeMario Douglas,Jalen Ramsey
PIT,N.Herbig,NE,R.Stevenson,2,Tackled after catch,3,Rhamondre Stevenson,Nick Herbig
NE,C.Gonzalez,PIT,P.Freiermuth,2,Tackled after catch,9,Pat Freiermuth,Christian Gonzalez
NE,C.Elliss,PIT,D.Washington,2,Tackled after catch,7,Darnell Washington,Christian Elliss
PIT,J.Dean,NE,R.Doubs,2,Tackled after catch,4,Romeo Doubs,Jamel Dean
PIT,P.Wilson,NE,E.Raridon,2,Tackled after catch,30,Eli Raridon,Payton Wilson
NE,K.Byard,PIT,G.Bernard,2,Tackled after catch,3,Germie Bernard,Kevin Byard
NE,C.Elliss,PIT,G.Bernard,2,Tackled after catch,19,Germie Bernard,Christian Elliss
NE,C.Gonzalez,PIT,G.Bernard,2,Tackled after catch,3,Germie Bernard,Christian Gonzalez
NE,C.Woods,PIT,G.Bernard,2,Tackled after catch,10,Germie Bernard,Charles Woods
NE,C.Woodson,PIT,D.Metcalf,2,Tackled after catch,3,DK Metcalf,Craig Woodson
PIT,A.Samuel,NE,M.Hollins,2,Tackled after catch,10,Mack Hollins,Asante Samuel Jr.
NE,E.Ponder,PIT,D.Metcalf,2,Tackled after catch,-1,DK Metcalf,Elijah Ponder
NE,C.Woodson,PIT,P.Freiermuth,2,Tackled after catch,9,Pat Freiermuth,Craig Woodson
NE,C.Woods,PIT,R.Wilson,2,Tackled after catch,4,Roman Wilson,Charles Woods
PIT,J.Brisker,NE,H.Henry,2,Tackled after catch,7,Hunter Henry,Jaquan Brisker
PIT,A.Samuel,NE,R.Doubs,2,Tackled after catch,29,Romeo Doubs,Asante Samuel Jr.
NE,C.Woods,PIT,R.Wilson,2,Tackled after catch,5,Roman Wilson,Charles Woods
PIT,J.Dean,NE,M.Hollins,2,Tackled after catch,8,Mack Hollins,Jamel Dean
PIT,R.Jenkins,NE,K.Williams,2,Tackled after catch,10,Kyle Williams,Rayshawn Jenkins
PIT,N.Herbig,NE,E.Chism,2,Tackled after catch,-2,Efton Chism III,Nick Herbig
NE,J.Reed,PIT,B.Skowronek,2,Tackled after catch,2,Ben Skowronek,Jaylen Reed
PIT,R.Jenkins,NE,R.Doubs,2,Tackled after catch,63,Romeo Doubs,Rayshawn Jenkins
NE,C.Elliss,PIT,P.Freiermuth,2,Tackled after catch,5,Pat Freiermuth,Christian Elliss
NE,C.Gonzalez,PIT,D.Metcalf,2,Tackled after catch,9,DK Metcalf,Christian Gonzalez
NE,C.Elliss,PIT,J.Warren,2,Tackled after catch,8,Jaylen Warren,Christian Elliss
NE,R.Spillane,PIT,R.Wilson,2,Tackled after catch,5,Roman Wilson,Robert Spillane
NE,K.Byard,PIT,D.Metcalf,2,Tackled after catch,16,DK Metcalf,Kevin Byard
NE,C.Woods,PIT,R.Wilson,2,Tackled after catch,5,Roman Wilson,Charles Woods
NE,M.Jones,PIT,R.Wilson,2,Tackled after catch,9,Roman Wilson,Marcus Jones
NE,C.Woods,PIT,J.Warren,2,Tackled after catch,26,Jaylen Warren,Charles Woods
SEA,J.Love,ARI,T.McBride,2,Tackled after catch,3,Trey McBride,Julian Love
SEA,J.Love,ARI,Mi.Wilson,2,Tackled after catch,9,Mi.Wilson,Julian Love
SEA,E.Jones,ARI,J.Love,2,Tackled after catch,7,Jeremiyah Love,Ernest Jones
SEA,E.Jones,ARI,T.McBride,2,Tackled after catch,5,Trey McBride,Ernest Jones
ARI,B.Baker,SEA,R.Shaheed,2,Tackled after catch,4,Rashid Shaheed,Budda Baker
SEA,D.Thomas,ARI,J.Love,2,Tackled after catch,9,Jeremiyah Love,Drake Thomas
ARI,D.Stills,SEA,C.Kupp,2,Tackled after catch,4,Cooper Kupp,Dante Stills
ARI,A.Wingard,SEA,J.Smith-Njigba,2,Tackled after catch,10,Jaxon Smith-Njigba,Andrew Wingard
ARI,B.Baker,SEA,J.Smith-Njigba,2,Tackled after catch,7,Jaxon Smith-Njigba,Budda Baker
SEA,J.Love,ARI,T.McBride,2,Tackled after catch,4,Trey McBride,Julian Love
SEA,J.Jobe,ARI,Mi.Wilson,2,Tackled after catch,9,Mi.Wilson,Josh Jobe
SEA,D.Thomas,ARI,T.McBride,2,Tackled after catch,1,Trey McBride,Drake Thomas
SEA,D.Witherspoon,ARI,T.Allgeier,2,Tackled after catch,5,Tyler Allgeier,Devon Witherspoon
ARI,W.Johnson,SEA,C.Kupp,2,Tackled after catch,16,Cooper Kupp,Will Johnson
ARI,M.Melton,SEA,J.Smith-Njigba,2,Tackled after catch,9,Jaxon Smith-Njigba,Max Melton
SEA,D.Witherspoon,ARI,K.Bourne,2,Tackled after catch,3,Kendrick Bourne,Devon Witherspoon
ARI,B.Baker,SEA,E.Arroyo,2,Tackled after catch,17,Elijah Arroyo,Budda Baker
ARI,K.Clark,SEA,J.Smith-Njigba,2,Tackled after catch,9,Jaxon Smith-Njigba,Kei'Trel Clark
ARI,D.Robinson,SEA,E.Saubert,2,Tackled after catch,-10,Eric Saubert,Darius Robinson
ARI,D.Burke,SEA,R.Shaheed,2,Tackled after catch,8,Rashid Shaheed,Denzel Burke
SEA,D.Thomas,ARI,J.Love,2,Tackled after catch,0,Jeremiyah Love,Drake Thomas
ARI,L.Collier,SEA,J.Price,2,Tackled after catch,8,Jadarian Price,L.J. Collier
ARI,A.Wingard,SEA,J.Smith-Njigba,2,Tackled after catch,15,Jaxon Smith-Njigba,Andrew Wingard
SEA,D.Witherspoon,ARI,K.Bourne,2,Tackled after catch,8,Kendrick Bourne,Devon Witherspoon
ARI,D.Stills,SEA,J.Smith-Njigba,2,Tackled after catch,4,Jaxon Smith-Njigba,Dante Stills
WSH,L.Chenal,DAL,J.Williams,2,Tackled after catch,8,Javonte Williams,Leo Chenal
WSH,R.Douglas,DAL,G.Pickens,2,Tackled after catch,4,George Pickens,Rasul Douglas
WSH,K.Chaisson,DAL,C.Lamb,2,Tackled after catch,15,CeeDee Lamb,K'Lavon Chaisson
WSH,A.Robertson,DAL,C.Lamb,2,Tackled after catch,23,CeeDee Lamb,Amik Robertson
DAL,P.Locke,WSH,B.Sinnott,2,Tackled after catch,6,Ben Sinnott,P.J. Locke
DAL,J.Barham,WSH,R.White,2,Tackled after catch,2,Rachaad White,Jaishawn Barham
WSH,N.Cross,DAL,C.Lamb,2,Tackled after catch,38,CeeDee Lamb,Nick Cross
WSH,J.Reaves,DAL,C.Lamb,2,Tackled after catch,10,CeeDee Lamb,Jeremy Reaves
DAL,R.Gary,WSH,J.Croskey-Merritt,2,Tackled after catch,5,Jacory Croskey-Merritt,Rashan Gary
DAL,D.Winters,WSH,D.Brown,2,Tackled after catch,1,Dyami Brown,Dee Winters
DAL,M.Bell,WSH,T.McLaurin,2,Tackled after catch,24,Terry McLaurin,Markquese Bell
DAL,M.Bell,WSH,C.Yankoff,2,Tackled after catch,14,Colson Yankoff,Markquese Bell
WSH,M.Sainristil,DAL,G.Pickens,2,Tackled after catch,12,George Pickens,Mike Sainristil
WSH,M.Sainristil,DAL,R.Flournoy,2,Tackled after catch,6,Ryan Flournoy,Mike Sainristil
WSH,M.Sainristil,DAL,R.Flournoy,2,Tackled after catch,10,Ryan Flournoy,Mike Sainristil
WSH,J.Reaves,DAL,R.Flournoy,2,Tackled after catch,2,Ryan Flournoy,Jeremy Reaves
WSH,J.Reaves,DAL,G.Pickens,2,Tackled after catch,9,George Pickens,Jeremy Reaves
WSH,A.Robertson,DAL,C.Lamb,2,Tackled after catch,5,CeeDee Lamb,Amik Robertson
DAL,C.Downs,WSH,R.White,2,Tackled after catch,9,Rachaad White,Caleb Downs
DAL,J.Thompson,WSH,S.Diggs,2,Tackled after catch,10,Stefon Diggs,Jalen Thompson
DAL,D.Bland,WSH,S.Diggs,2,Tackled after catch,8,Stefon Diggs,DaRon Bland
WSH,A.Robertson,DAL,G.Pickens,2,Tackled after catch,3,George Pickens,Amik Robertson
WSH,A.Robertson,DAL,J.Ferguson,2,Tackled after catch,14,Jake Ferguson,Amik Robertson
WSH,L.Chenal,DAL,G.Pickens,2,Tackled after catch,12,George Pickens,Leo Chenal
WSH,D.Armstrong,DAL,J.Williams,2,Tackled after catch,6,Javonte Williams,Dorance Armstrong Jr.
DAL,J.Barham,WSH,D.Brown,2,Tackled after catch,-6,Dyami Brown,Jaishawn Barham
DAL,C.Downs,WSH,D.Brown,2,Tackled after catch,18,Dyami Brown,Caleb Downs
DAL,S.Revel,WSH,A.Williams,2,Tackled after catch,9,Antonio Williams,Shavon Revel
DAL,D.Bland,WSH,S.Diggs,2,Tackled after catch,5,Stefon Diggs,DaRon Bland
DAL,D.Winters,WSH,A.Williams,2,Tackled after catch,10,Antonio Williams,Dee Winters
DAL,D.Winters,WSH,R.White,2,Tackled after catch,6,Rachaad White,Dee Winters
DAL,C.Downs,WSH,A.Williams,2,Tackled after catch,5,Antonio Williams,Caleb Downs
DAL,S.Revel,WSH,D.Brown,2,Tackled after catch,8,Dyami Brown,Shavon Revel
WSH,J.Jean-Baptiste,DAL,J.Ferguson,2,Tackled after catch,7,Jake Ferguson,Javontae Jean-Baptiste
WSH,Q.Martin,DAL,C.Lamb,2,Tackled after catch,35,CeeDee Lamb,Quan Martin
SF,J.Brown,ARI,T.Allgeier,3,Tackled after catch,5,Tyler Allgeier,Ji'Ayir Brown
SF,D.Greenlaw,ARI,E.Higgins,3,Tackled after catch,4,Elijah Higgins,Dre Greenlaw
SF,F.Warner,ARI,H.Long,3,Tackled after catch,5,Hunter Long,Fred Warner
ARI,M.Melton,SF,J.Watkins,3,Tackled after catch,26,Jordan Watkins,Max Melton
ARI,M.Melton,SF,G.Kittle,3,Tackled after catch,12,George Kittle,Max Melton
SF,D.Greenlaw,ARI,J.Love,3,Tackled after catch,3,Jeremiyah Love,Dre Greenlaw
SF,K.Kareem,ARI,T.Allgeier,3,Tackled after catch,4,Tyler Allgeier,Khalid Kareem
ARI,M.Melton,SF,C.McCaffrey,3,Tackled after catch,5,Christian McCaffrey,Max Melton
SF,R.Green,ARI,M.Harrison,3,Tackled after catch,7,Marvin Harrison Jr.,Renardo Green
SF,F.Warner,ARI,T.McBride,3,Tackled after catch,9,Trey McBride,Fred Warner
SF,D.Greenlaw,ARI,J.Love,3,Tackled after catch,4,Jeremiyah Love,Dre Greenlaw
ARI,B.Baker,SF,M.Evans,3,Tackled after catch,9,Mike Evans,Budda Baker
SF,R.Green,ARI,M.Harrison,3,Tackled after catch,14,Marvin Harrison Jr.,Renardo Green
SF,J.Jones,ARI,Mi.Wilson,3,Tackled after catch,17,Mi.Wilson,Jack Jones
SF,J.Jones,ARI,Mi.Wilson,3,Tackled after catch,11,Mi.Wilson,Jack Jones
SF,G.Halton,ARI,T.Allgeier,3,Tackled after catch,-4,Tyler Allgeier,Gracen Halton
SF,R.Green,ARI,E.Higgins,3,Tackled after catch,7,Elijah Higgins,Renardo Green
SF,F.Warner,ARI,Mi.Wilson,3,Tackled after catch,6,Mi.Wilson,Fred Warner
ARI,A.Wingard,SF,G.Kittle,3,Tackled after catch,11,George Kittle,Andrew Wingard
SF,F.Warner,ARI,T.McBride,3,Tackled after catch,7,Trey McBride,Fred Warner
SF,R.Green,ARI,M.Harrison,3,Tackled after catch,19,Marvin Harrison Jr.,Renardo Green
SF,D.Lenoir,ARI,Mi.Wilson,3,Tackled after catch,4,Mi.Wilson,Deommodore Lenoir
SF,R.Green,ARI,T.McBride,3,Tackled after catch,6,Trey McBride,Renardo Green
SF,R.Green,ARI,K.Bourne,3,Tackled after catch,14,Kendrick Bourne,Renardo Green
SF,G.Wallow,ARI,T.McBride,3,Tackled after catch,4,Trey McBride,Garret Wallow
SF,M.Sigle,ARI,T.McBride,3,Tackled after catch,3,Trey McBride,Marques Sigle
SF,F.Warner,ARI,T.McBride,3,Tackled after catch,9,Trey McBride,Fred Warner
SF,D.Lenoir,ARI,J.Love,3,Tackled after catch,8,Jeremiyah Love,Deommodore Lenoir
SF,J.Jones,ARI,Mi.Wilson,3,Tackled after catch,18,Mi.Wilson,Jack Jones
ATL,X.Watts,GB,T.Kraft,3,Tackled after catch,6,Tucker Kraft,Xavier Watts
ATL,M.Hughes,GB,M.Golden,3,Tackled after catch,45,Matthew Golden,Mike Hughes
ATL,M.Hughes,GB,M.Lloyd,3,Tackled after catch,10,MarShawn Lloyd,Mike Hughes
ATL,C.Henderson,GB,T.Kraft,3,Tackled after catch,8,Tucker Kraft,C.J. Henderson
ATL,S.Brown,GB,S.Moore,3,Tackled after catch,9,Skyy Moore,Sydney Brown
GB,X.McKinney,ATL,K.Pitts,3,Tackled after catch,5,Kyle Pitts Sr.,Xavier McKinney
ATL,K.Daniels,GB,M.Lloyd,3,Tackled after catch,-3,MarShawn Lloyd,Kendal Daniels
GB,X.McKinney,ATL,J.Dotson,3,Tackled after catch,11,Jahan Dotson,Xavier McKinney
GB,J.Bullard,ATL,D.London,3,Tackled after catch,4,Drake London,Javon Bullard
GB,E.Williams,ATL,D.London,3,Tackled after catch,7,Drake London,Evan Williams
GB,K.Brooks,ATL,O.Zaccheaus,3,Tackled after catch,5,Olamide Zaccheaus,Karl Brooks
GB,X.McKinney,ATL,D.London,3,Tackled after catch,7,Drake London,Xavier McKinney
GB,K.Nixon,ATL,D.London,3,Tackled after catch,20,Drake London,Keisean Nixon
GB,B.Cisse,ATL,D.London,3,Tackled after catch,16,Drake London,Brandon Cisse
ATL,M.Hughes,GB,M.Golden,3,Tackled after catch,8,Matthew Golden,Mike Hughes
ATL,K.Daniels,GB,J.Smith,3,Tackled after catch,7,Jonnu Smith,Kendal Daniels
ATL,D.Deablo,GB,M.Golden,3,Tackled after catch,12,Matthew Golden,Divine Deablo
ATL,M.Hughes,GB,C.Watson,3,Tackled after catch,5,Christian Watson,Mike Hughes
GB,X.McKinney,ATL,D.London,3,Tackled after catch,16,Drake London,Xavier McKinney
ATL,C.Henderson,GB,J.Sturdivant,3,Tackled after catch,9,J.Sturdivant,C.J. Henderson
ATL,J.Bates,GB,K.Johnson,3,Tackled after catch,10,Kaleb Johnson,Jessie Bates III
GB,B.Cisse,ATL,D.London,3,Tackled after catch,68,Drake London,Brandon Cisse
GB,B.Cisse,ATL,D.London,3,Tackled after catch,16,Drake London,Brandon Cisse
ATL,C.Henderson,GB,C.Watson,3,Tackled after catch,34,Christian Watson,C.J. Henderson
ATL,C.Henderson,GB,J.Sturdivant,3,Tackled after catch,3,J.Sturdivant,C.J. Henderson
ATL,X.Watts,GB,S.Moore,3,Tackled after catch,10,Skyy Moore,Xavier Watts
ATL,H.Perkins,GB,T.Kraft,3,Tackled after catch,3,Tucker Kraft,Harold Perkins
GB,E.Williams,ATL,D.London,3,Tackled after catch,40,Drake London,Evan Williams
ATL,C.Henderson,GB,C.Watson,3,Tackled after catch,5,Christian Watson,C.J. Henderson
ATL,C.Henderson,GB,C.Watson,3,Tackled after catch,15,Christian Watson,C.J. Henderson
ATL,H.Perkins,GB,C.Brooks,3,Tackled after catch,4,Chris Brooks,Harold Perkins
ATL,M.Hughes,GB,J.Sturdivant,3,Tackled after catch,10,J.Sturdivant,Mike Hughes
ATL,B.Bowman,GB,M.Golden,3,Tackled after catch,20,Matthew Golden,Billy Bowman
BAL,K.Hamilton,DAL,L.Schoonmaker,3,Tackled after catch,9,Luke Schoonmaker,Kyle Hamilton
BAL,N.Wiggins,DAL,G.Pickens,3,Tackled after catch,13,George Pickens,Nate Wiggins
DAL,V.Miller,BAL,D.Henry,3,Tackled after catch,0,Derrick Henry,Von Miller
BAL,M.Starks,DAL,K.Turpin,3,Tackled after catch,9,KaVontae Turpin,Malaki Starks
DAL,M.Bell,BAL,Z.Flowers,3,Tackled after catch,22,Zay Flowers,Markquese Bell
BAL,M.Starks,DAL,C.Lamb,3,Tackled after catch,11,CeeDee Lamb,Malaki Starks
BAL,N.Wiggins,DAL,G.Pickens,3,Tackled after catch,4,George Pickens,Nate Wiggins
DAL,S.Revel,BAL,Z.Flowers,3,Tackled after catch,7,Zay Flowers,Shavon Revel
BAL,M.Humphrey,DAL,G.Pickens,3,Tackled after catch,5,George Pickens,Marlon Humphrey
DAL,J.Barham,BAL,R.Bateman,3,Tackled after catch,6,Rashod Bateman,Jaishawn Barham
DAL,M.Bell,BAL,J.Cuevas,3,Tackled after catch,14,Josh Cuevas,Markquese Bell
BAL,K.Hamilton,DAL,J.Ferguson,3,Tackled after catch,6,Jake Ferguson,Kyle Hamilton
BAL,T.Simpson,DAL,T.Goodson,3,Tackled after catch,-5,Tyler Goodson,Trenton Simpson
BAL,C.Awuzie,DAL,C.Lamb,3,Tackled after catch,11,CeeDee Lamb,Chidobe Awuzie
BAL,M.Humphrey,DAL,G.Pickens,3,Tackled after catch,12,George Pickens,Marlon Humphrey
BAL,M.Humphrey,DAL,C.Lamb,3,Tackled after catch,7,CeeDee Lamb,Marlon Humphrey
BAL,M.Humphrey,DAL,C.Lamb,3,Tackled after catch,13,CeeDee Lamb,Marlon Humphrey
BAL,N.Wiggins,DAL,J.Williams,3,Tackled after catch,2,Javonte Williams,Nate Wiggins
BAL,T.Jones,DAL,J.Ferguson,3,Tackled after catch,-2,Jake Ferguson,Travis Jones
BAL,J.Hawkins,DAL,G.Pickens,3,Tackled after catch,13,George Pickens,Jaylinn Hawkins
DAL,A.Clark,BAL,R.Bateman,3,Tackled after catch,31,Rashod Bateman,Alijah Clark
BAL,M.Humphrey,DAL,C.Lamb,3,Tackled after catch,49,CeeDee Lamb,Marlon Humphrey
BAL,M.Green,DAL,B.Spann-Ford,3,Tackled after catch,19,Brevyn Spann-Ford,Mike Green
DAL,M.Bell,BAL,M.Andrews,3,Tackled after catch,5,Mark Andrews,Markquese Bell
DAL,D.Ezeiruaku,BAL,M.Andrews,3,Tackled after catch,10,Mark Andrews,Donovan Ezeiruaku
DAL,A.Clark,BAL,Z.Flowers,3,Tackled after catch,14,Zay Flowers,Alijah Clark
DAL,D.Winters,BAL,Z.Flowers,3,Tackled after catch,14,Zay Flowers,Dee Winters
BAL,J.Hawkins,DAL,R.Flournoy,3,Tackled after catch,13,Ryan Flournoy,Jaylinn Hawkins
BAL,M.Starks,DAL,C.Lamb,3,Tackled after catch,14,CeeDee Lamb,Malaki Starks
BAL,C.Rivers,DAL,R.Flournoy,3,Tackled after catch,9,Ryan Flournoy,Chandler Rivers
DAL,R.Steward,BAL,Z.Flowers,3,Tackled after catch,27,Zay Flowers,Reddy Steward
CAR,T.Moehrig,CLE,R.Sanders,3,Tackled after catch,7,Raheim Sanders,Tre'von Moehrig
CLE,R.Hickman,CAR,T.McMillan,3,Tackled after catch,5,Tetairoa McMillan,Ronnie Hickman
CAR,P.Umanmielen,CLE,H.Fannin,3,Tackled after catch,13,Harold Fannin Jr.,Princely Umanmielen
CAR,A.Evans,CLE,K.Concepcion,3,Tackled after catch,4,KC Concepcion,Akayleb Evans
CLE,M.Blackmon,CAR,T.Tremble,3,Tackled after catch,9,Tommy Tremble,Mekhi Blackmon
CLE,M.Blackmon,CAR,J.Coker,3,Tackled after catch,13,Jalen Coker,Mekhi Blackmon
CLE,M.Blackmon,CAR,J.Coker,3,Tackled after catch,5,Jalen Coker,Mekhi Blackmon
CAR,Z.Wheatley,CLE,H.Fannin,3,Tackled after catch,8,Harold Fannin Jr.,Zakee Wheatley
CLE,D.Ward,CAR,C.Hubbard,3,Tackled after catch,30,Chuba Hubbard,Denzel Ward
CLE,G.Delpit,CAR,C.Hubbard,3,Tackled after catch,2,Chuba Hubbard,Grant Delpit
CLE,G.Delpit,CAR,B.Tremayne,3,Tackled after catch,16,Brycen Tremayne,Grant Delpit
CLE,D.Ward,CAR,D.Waller,3,Tackled after catch,14,Darren Waller,Denzel Ward
CLE,D.Ward,CAR,D.Waller,3,Tackled after catch,12,Darren Waller,Denzel Ward
CAR,L.Ransom,CLE,H.Fannin,3,Tackled after catch,6,Harold Fannin Jr.,Lathan Ransom
CLE,M.Blackmon,CAR,B.Tremayne,3,Tackled after catch,31,Brycen Tremayne,Mekhi Blackmon
CLE,M.Harden,CAR,D.Waller,3,Tackled after catch,6,Darren Waller,Myles Harden
CAR,W.Lee,CLE,K.Concepcion,3,Tackled after catch,5,KC Concepcion,Will Lee
CLE,M.Blackmon,CAR,T.Tremble,3,Tackled after catch,15,Tommy Tremble,Mekhi Blackmon
CAR,W.Lee,CLE,D.Boston,3,Tackled after catch,13,Denzel Boston,Will Lee
CAR,Z.Wheatley,CLE,H.Fannin,3,Tackled after catch,7,Harold Fannin Jr.,Zakee Wheatley
CLE,Q.Williams,CAR,C.Hubbard,3,Tackled after catch,0,Chuba Hubbard,Quincy Williams
CLE,M.Harden,CAR,D.Waller,3,Tackled after catch,11,Darren Waller,Myles Harden
CLE,C.Schwesinger,CAR,B.Tremayne,3,Tackled after catch,20,Brycen Tremayne,Carson Schwesinger
CIN,J.Battle,PIT,J.Warren,3,Tackled after catch,30,Jaylen Warren,Jordan Battle
CIN,J.Davis,PIT,R.Wilson,3,Tackled after catch,5,Roman Wilson,Jalen Davis
PIT,J.Brisker,CIN,C.Young,3,Tackled after catch,2,Colbie Young,Jaquan Brisker
PIT,R.Jenkins,CIN,J.Chase,3,Tackled after catch,9,Ja'Marr Chase,Rayshawn Jenkins
PIT,J.Dean,CIN,T.Higgins,3,Tackled after catch,10,Tee Higgins,Jamel Dean
PIT,J.Dean,CIN,T.Hudson,3,Tackled after catch,6,Tanner Hudson,Jamel Dean
CIN,D.Hill,PIT,R.Wilson,3,Tackled after catch,17,Roman Wilson,Daxton Hill
CIN,T.Davis,PIT,M.Pittman,3,Tackled after catch,8,Michael Pittman Jr.,Tacario Davis
PIT,P.Queen,CIN,J.Chase,3,Tackled after catch,12,Ja'Marr Chase,Patrick Queen
PIT,J.Ramsey,CIN,D.Meyers,3,Tackled after catch,3,Dohnte Meyers,Jalen Ramsey
PIT,B.Echols,CIN,J.Chase,3,Tackled after catch,7,Ja'Marr Chase,Brandin Echols
CIN,D.Ivey,PIT,M.Pittman,3,Tackled after catch,8,Michael Pittman Jr.,DJ Ivey
PIT,J.Ramsey,CIN,D.Meyers,3,Tackled after catch,3,Dohnte Meyers,Jalen Ramsey
PIT,P.Queen,CIN,T.Hudson,3,Tackled after catch,7,Tanner Hudson,Patrick Queen
CIN,K.Dugger,PIT,P.Freiermuth,3,Tackled after catch,8,Pat Freiermuth,Kyle Dugger
CIN,C.Howell,PIT,P.Freiermuth,3,Tackled after catch,22,Pat Freiermuth,Cashius Howell
PIT,R.Jenkins,CIN,C.Brown,3,Tackled after catch,12,Chase Brown,Rayshawn Jenkins
PIT,A.Samuel,CIN,J.Chase,3,Tackled after catch,21,Ja'Marr Chase,Asante Samuel Jr.
CIN,T.Davis,PIT,G.Bernard,3,Tackled after catch,14,Germie Bernard,Tacario Davis
CIN,K.Dugger,PIT,J.Warren,3,Tackled after catch,8,Jaylen Warren,Kyle Dugger
PIT,J.Brisker,CIN,T.Higgins,3,Tackled after catch,14,Tee Higgins,Jaquan Brisker
PIT,J.Dean,CIN,T.Higgins,3,Tackled after catch,17,Tee Higgins,Jamel Dean
CIN,J.Battle,PIT,R.Tonyan,3,Tackled after catch,2,Robert Tonyan,Jordan Battle
PIT,R.Jenkins,CIN,T.Higgins,3,Tackled after catch,8,Tee Higgins,Rayshawn Jenkins
CIN,K.Dugger,PIT,D.Metcalf,3,Tackled after catch,14,DK Metcalf,Kyle Dugger
CIN,K.Dugger,PIT,D.Washington,3,Tackled after catch,47,Darnell Washington,Kyle Dugger
PIT,R.Jenkins,CIN,J.Chase,3,Tackled after catch,17,Ja'Marr Chase,Rayshawn Jenkins
PIT,P.Queen,CIN,C.Brown,3,Tackled after catch,-4,Chase Brown,Patrick Queen
PIT,R.Jenkins,CIN,M.Gesicki,3,Tackled after catch,6,Mike Gesicki,Rayshawn Jenkins
PIT,D.Everette,CIN,J.Chase,3,Tackled after catch,13,Ja'Marr Chase,Daylen Everette
IND,J.Walley,HOU,F.Moreau,3,Tackled after catch,6,Foster Moreau,Justin Walley
HOU,K.Lassiter,IND,T.Warren,3,Tackled after catch,15,Tyler Warren,Kamari Lassiter
HOU,A.Al-Shaair,IND,J.Downs,3,Tackled after catch,24,Josh Downs,Azeez Al-Shaair
HOU,C.Bullock,IND,T.Warren,3,Tackled after catch,8,Tyler Warren,Calen Bullock
IND,J.Walley,HOU,J.Noel,3,Tackled after catch,12,Jaylin Noel,Justin Walley
HOU,A.Al-Shaair,IND,T.Warren,3,Tackled after catch,7,Tyler Warren,Azeez Al-Shaair
HOU,R.Blankenship,IND,T.Warren,3,Tackled after catch,3,Tyler Warren,Reed Blankenship
HOU,K.Lassiter,IND,J.Taylor,3,Tackled after catch,3,Jonathan Taylor,Kamari Lassiter
HOU,D.Hunter,IND,J.Downs,3,Tackled after catch,18,Josh Downs,Danielle Hunter
HOU,D.Robinson,IND,J.Taylor,3,Tackled after catch,1,Jonathan Taylor,Dominique Robinson
HOU,C.Bullock,IND,J.Downs,3,Tackled after catch,12,Josh Downs,Calen Bullock
IND,C.Ward,HOU,D.Montgomery,3,Tackled after catch,10,David Montgomery,Charvarius Ward
HOU,R.Blankenship,IND,K.Allen,3,Tackled after catch,20,Keenan Allen,Reed Blankenship
HOU,C.Bullock,IND,K.Allen,3,Tackled after catch,-1,Keenan Allen,Calen Bullock
IND,A.Haulcy,HOU,J.Noel,3,Tackled after catch,5,Jaylin Noel,A.J. Haulcy
HOU,R.Blankenship,IND,T.Warren,3,Tackled after catch,3,Tyler Warren,Reed Blankenship
HOU,K.Lassiter,IND,T.Warren,3,Tackled after catch,5,Tyler Warren,Kamari Lassiter
HOU,C.Bullock,IND,K.Allen,3,Tackled after catch,7,Keenan Allen,Calen Bullock
HOU,K.Lassiter,IND,T.Warren,3,Tackled after catch,-3,Tyler Warren,Kamari Lassiter
HOU,R.Blankenship,IND,J.Downs,3,Tackled after catch,5,Josh Downs,Reed Blankenship
IND,L.Latu,HOU,D.Montgomery,3,Tackled after catch,5,David Montgomery,Laiatu Latu
IND,C.Ward,HOU,D.Schultz,3,Tackled after catch,5,Dalton Schultz,Charvarius Ward
HOU,R.Blankenship,IND,M.Alie-Cox,3,Tackled after catch,16,Mo Alie-Cox,Reed Blankenship
IND,C.Ward,HOU,X.Hutchinson,3,Tackled after catch,17,Xavier Hutchinson,Charvarius Ward
IND,A.Davis-Gaither,HOU,K.Boutte,3,Tackled after catch,6,Kayshon Boutte,Akeem Davis-Gaither
HOU,C.Bullock,IND,L.Treadwell,3,Tackled after catch,20,Laquon Treadwell,Calen Bullock
HOU,K.Lassiter,IND,K.Allen,3,Tackled after catch,5,Keenan Allen,Kamari Lassiter
IND,L.Latu,HOU,D.Schultz,3,Tackled after catch,17,Dalton Schultz,Laiatu Latu
MIA,D.Trader,KC,T.Kelce,3,Tackled after catch,48,Travis Kelce,Dante Trader
MIA,J.Brooks,KC,R.Rice,3,Tackled after catch,5,Rashee Rice,Jordyn Brooks
KC,M.Delane,MIA,C.Bell,3,Tackled after catch,7,Chris Bell,Mansoor Delane
KC,M.Delane,MIA,M.Washington,3,Tackled after catch,30,Malik Washington,Mansoor Delane
KC,N.Bolton,MIA,G.Dulcich,3,Tackled after catch,7,Greg Dulcich,Nick Bolton
KC,M.Delane,MIA,R.Miller,3,Tackled after catch,10,Ryan Miller,Mansoor Delane
MIA,C.Johnson,KC,T.Thornton,3,Tackled after catch,5,Tyquan Thornton,Chris Johnson
MIA,D.Trader,KC,R.Rice,3,Tackled after catch,11,Rashee Rice,Dante Trader
MIA,D.Trader,KC,T.Thornton,3,Tackled after catch,17,Tyquan Thornton,Dante Trader
MIA,M.Taaffe,KC,B.Smith,3,Tackled after catch,4,Brashard Smith,Michael Taaffe
KC,N.Bolton,MIA,M.Washington,3,Tackled after catch,9,Malik Washington,Nick Bolton
KC,M.Delane,MIA,O.Gordon,3,Tackled after catch,0,Ollie Gordon II,Mansoor Delane
KC,A.Gilman,MIA,C.Bell,3,Tackled after catch,4,Chris Bell,Alohi Gilman
MIA,D.Trader,KC,N.Gray,3,Tackled after catch,13,Noah Gray,Dante Trader
MIA,C.Johnson,KC,X.Worthy,3,Tackled after catch,17,Xavier Worthy,Chris Johnson
MIA,Z.Sieler,KC,N.Gray,3,Tackled after catch,2,Noah Gray,Zach Sieler
KC,L.Sneed,MIA,G.Dulcich,3,Tackled after catch,5,Greg Dulcich,L'Jarius Sneed
KC,M.Delane,MIA,O.Gordon,3,Tackled after catch,-5,Ollie Gordon II,Mansoor Delane
MIA,C.Johnson,KC,X.Worthy,3,Tackled after catch,3,Xavier Worthy,Chris Johnson
KC,N.Williams,MIA,G.Dulcich,3,Tackled after catch,42,Greg Dulcich,Nohl Williams
KC,G.Karlaftis,MIA,G.Dulcich,3,Tackled after catch,-5,Greg Dulcich,George Karlaftis III
KC,J.Hicks,MIA,M.Washington,3,Tackled after catch,11,Malik Washington,Jaden Hicks
KC,M.Delane,MIA,C.Bell,3,Tackled after catch,12,Chris Bell,Mansoor Delane
MIA,J.Marshall,KC,R.Rice,3,Tackled after catch,7,Rashee Rice,Jason Marshall
MIA,W.Gay,KC,N.Gray,3,Tackled after catch,24,Noah Gray,Willie Gay Jr.
MIA,Z.Sieler,KC,K.Walker,3,Tackled after catch,-2,Kenneth Walker III,Zach Sieler
KC,N.Bolton,MIA,M.Washington,3,Tackled after catch,5,Malik Washington,Nick Bolton
MIA,C.Johnson,KC,R.Rice,3,Tackled after catch,34,Rashee Rice,Chris Johnson
KC,N.Williams,MIA,K.Coleman,3,Tackled after catch,3,Kevin Coleman Jr.,Nohl Williams
BUF,C.Gardner-Johnson,LAC,A.Ingold,3,Tackled after catch,5,Alec Ingold,C.J. Gardner-Johnson
LAC,R.Mickens,BUF,D.Moore,3,Tackled after catch,8,DJ Moore,R.J. Mickens
LAC,T.Tuipulotu,BUF,J.Allen,3,Tackled after catch,1,Josh Allen,Tuli Tuipulotu
BUF,M.Hairston,LAC,L.McConkey,3,Tackled after catch,7,Ladd McConkey,Maxwell Hairston
BUF,G.Rousseau,LAC,K.Mitchell,3,Tackled after catch,-6,Keaton Mitchell,Gregory Rousseau
BUF,C.Bishop,LAC,Q.Johnston,3,Tackled after catch,6,Quentin Johnston,Cole Bishop
LAC,D.Henley,BUF,D.Kincaid,3,Tackled after catch,14,Dalton Kincaid,Daiyan Henley
LAC,D.Henley,BUF,T.Johnson,3,Tackled after catch,3,Ty Johnson,Daiyan Henley
LAC,G.Smith,BUF,T.Johnson,3,Tackled after catch,16,Ty Johnson,Genesis Smith
LAC,D.Henley,BUF,D.Moore,3,Tackled after catch,13,DJ Moore,Daiyan Henley
LAC,T.Still,BUF,D.Moore,3,Tackled after catch,10,DJ Moore,Tarheeb Still
LAC,D.James,BUF,D.Moore,3,Tackled after catch,8,DJ Moore,Derwin James
LAC,R.Mickens,BUF,T.Johnson,3,Tackled after catch,2,Ty Johnson,R.J. Mickens
LAC,R.Shelley,BUF,K.Coleman,3,Tackled after catch,37,Keon Coleman,Rodney Shelley
BUF,D.Hamlin,LAC,Q.Johnston,3,Tackled after catch,21,Quentin Johnston,Damar Hamlin
BUF,C.Bishop,LAC,L.McConkey,3,Tackled after catch,11,Ladd McConkey,Cole Bishop
BUF,C.Benford,LAC,T.Harris,3,Tackled after catch,29,Tre' Harris,Christian Benford
BUF,D.Williams,LAC,T.Harris,3,Tackled after catch,0,Tre' Harris,Dorian Williams
LAC,D.Phillips,BUF,D.Knox,3,Tackled after catch,5,Dawson Knox,Del'Shawn Phillips
LAC,G.Smith,BUF,D.Moore,3,Tackled after catch,12,DJ Moore,Genesis Smith
BUF,D.Igbinosun,LAC,K.Mitchell,3,Tackled after catch,0,Keaton Mitchell,Davison Igbinosun
BUF,D.Williams,LAC,A.Ingold,3,Tackled after catch,5,Alec Ingold,Dorian Williams
LAC,T.Dye,BUF,K.Shakir,3,Tackled after catch,6,Khalil Shakir,Troy Dye
LAC,R.Shelley,BUF,D.Moore,3,Tackled after catch,16,DJ Moore,Rodney Shelley
BUF,T.Bernard,LAC,T.Harris,3,Tackled after catch,23,Tre' Harris,Terrel Bernard
BUF,C.Gardner-Johnson,LAC,K.Vidal,3,Tackled after catch,14,Kimani Vidal,C.J. Gardner-Johnson
BUF,T.Bernard,LAC,L.McConkey,3,Tackled after catch,29,Ladd McConkey,Terrel Bernard
BUF,D.Igbinosun,LAC,T.Harris,3,Tackled after catch,3,Tre' Harris,Davison Igbinosun
DEN,A.Singleton,LAR,D.Allen,3,Tackled after catch,13,Davis Allen,Alex Singleton
LAR,Q.Lake,DEN,R.Harvey,3,Tackled after catch,6,RJ Harvey,Quentin Lake
DEN,P.Surtain,LAR,D.Adams,3,Tackled after catch,22,Davante Adams,Patrick Surtain II
DEN,B.Jones,LAR,K.Williams,3,Tackled after catch,5,Kyren Williams,Brandon Jones
DEN,J.Strnad,LAR,T.Higbee,3,Tackled after catch,13,Tyler Higbee,Justin Strnad
DEN,B.Jones,LAR,T.Higbee,3,Tackled after catch,2,Tyler Higbee,Brandon Jones
LAR,Q.Lake,DEN,C.Sutton,3,Tackled after catch,10,Courtland Sutton,Quentin Lake
LAR,O.Speights,DEN,J.Dobbins,3,Tackled after catch,4,J.K. Dobbins,Omar Speights
DEN,A.Singleton,LAR,T.Higbee,3,Tackled after catch,3,Tyler Higbee,Alex Singleton
DEN,J.Strnad,LAR,B.Corum,3,Tackled after catch,1,Blake Corum,Justin Strnad
DEN,J.Elliss,LAR,T.Ferguson,3,Tackled after catch,9,Terrance Ferguson,Jonah Elliss
DEN,J.Strnad,LAR,B.Corum,3,Tackled after catch,-1,Blake Corum,Justin Strnad
DEN,P.Surtain,LAR,D.Adams,3,Tackled after catch,22,Davante Adams,Patrick Surtain II
DEN,A.Singleton,LAR,K.Williams,3,Tackled after catch,10,Kyren Williams,Alex Singleton
LAR,K.Curl,DEN,R.Harvey,3,Tackled after catch,19,RJ Harvey,Kamren Curl
DEN,B.Jones,LAR,T.Higbee,3,Tackled after catch,10,Tyler Higbee,Brandon Jones
DEN,P.Surtain,LAR,D.Adams,3,Tackled after catch,13,Davante Adams,Patrick Surtain II
DEN,B.Jones,LAR,T.Higbee,3,Tackled after catch,10,Tyler Higbee,Brandon Jones
LAR,W.Bailey,DEN,R.Harvey,3,Tackled after catch,9,RJ Harvey,Wesley Bailey
LAR,B.Fiske,DEN,C.Sutton,3,Tackled after catch,9,Courtland Sutton,Braden Fiske
LAR,Q.Lake,DEN,R.Harvey,3,Tackled after catch,0,RJ Harvey,Quentin Lake
DEN,J.Barron,LAR,K.Williams,3,Tackled after catch,-2,Kyren Williams,Jahdae Barron
LAR,K.Curl,DEN,T.Badie,3,Tackled after catch,12,Tyler Badie,Kamren Curl
DEN,P.Surtain,LAR,D.Adams,3,Tackled after catch,6,Davante Adams,Patrick Surtain II
DEN,Q.Robinson,LAR,T.Higbee,3,Tackled after catch,5,Tyler Higbee,Quandarrius Robinson
DEN,B.Jones,LAR,D.Adams,3,Tackled after catch,11,Davante Adams,Brandon Jones
DEN,T.Hufanga,LAR,D.Adams,3,Tackled after catch,49,Davante Adams,Talanoa Hufanga
DEN,B.Jones,LAR,K.Mumpfield,3,Tackled after catch,21,Konata Mumpfield,Brandon Jones
DEN,R.Moss,LAR,K.Mumpfield,3,Tackled after catch,9,Konata Mumpfield,Riley Moss
LAR,K.Curl,DEN,P.Bryant,3,Tackled after catch,39,Pat Bryant,Kamren Curl
LAR,T.McDuffie,DEN,T.Franklin,3,Tackled after catch,21,Troy Franklin,Trent McDuffie
DEN,B.Jones,LAR,K.Williams,3,Tackled after catch,19,Kyren Williams,Brandon Jones
DEN,D.Key,LAR,K.Williams,3,Tackled after catch,20,Kyren Williams,Devon Key
NO,Q.Riley,LV,B.Bowers,3,Tackled after catch,8,Brock Bowers,Quincy Riley
NO,J.Blackmon,LV,J.Nailor,3,Tackled after catch,16,Jalen Nailor,Julian Blackmon
NO,K.Elliss,LV,B.Bowers,3,Tackled after catch,18,Brock Bowers,Kaden Elliss
NO,K.Elliss,LV,B.Bowers,3,Tackled after catch,11,Brock Bowers,Kaden Elliss
NO,P.Werner,LV,A.Jeanty,3,Tackled after catch,4,Ashton Jeanty,Pete Werner
LV,T.Johnson,NO,J.Johnson,3,Tackled after catch,6,Juwan Johnson,Taron Johnson
LV,J.Chinn,NO,D.Vele,3,Tackled after catch,11,Devaughn Vele,Jeremy Chinn
LV,H.Masses,NO,C.Olave,3,Tackled after catch,12,Chris Olave,Hezekiah Masses
NO,P.Werner,LV,B.Bowers,3,Tackled after catch,5,Brock Bowers,Pete Werner
LV,N.Dean,NO,C.Olave,3,Tackled after catch,13,Chris Olave,Nakobe Dean
LV,E.Stokes,NO,N.Fant,3,Tackled after catch,9,Noah Fant,Eric Stokes
LV,T.Johnson,NO,J.Johnson,3,Tackled after catch,14,Juwan Johnson,Taron Johnson
NO,K.McKinstry,LV,B.Bowers,3,Tackled after catch,11,Brock Bowers,Kool-Aid McKinstry
NO,D.Stutsman,LV,T.Tucker,3,Tackled after catch,11,Tre Tucker,Danny Stutsman
NO,K.Elliss,LV,A.Jeanty,3,Tackled after catch,11,Ashton Jeanty,Kaden Elliss
NO,J.Sanker,LV,B.Bowers,3,Tackled after catch,15,Brock Bowers,Jonas Sanker
LV,J.Chinn,NO,D.Vele,3,Tackled after catch,11,Devaughn Vele,Jeremy Chinn
LV,N.Dean,NO,T.Etienne,3,Tackled after catch,7,Travis Etienne Jr.,Nakobe Dean
LV,N.Dean,NO,K.Miller,3,Tackled after catch,4,Kendre Miller,Nakobe Dean
LV,T.Johnson,NO,J.Johnson,3,Tackled after catch,12,Juwan Johnson,Taron Johnson
LV,J.Chinn,NO,D.Vele,3,Tackled after catch,17,Devaughn Vele,Jeremy Chinn
LV,I.Pola-Mao,NO,C.Olave,3,Tackled after catch,6,Chris Olave,Isaiah Pola-Mao
NO,K.McKinstry,LV,B.Bowers,3,Tackled after catch,20,Brock Bowers,Kool-Aid McKinstry
NO,J.Reid,LV,T.Tucker,3,Tackled after catch,9,Tre Tucker,Justin Reid
LV,H.Masses,NO,C.Olave,3,Tackled after catch,12,Chris Olave,Hezekiah Masses
LV,H.Masses,NO,C.Olave,3,Tackled after catch,11,Chris Olave,Hezekiah Masses
LV,I.Pola-Mao,NO,C.Olave,3,Tackled after catch,9,Chris Olave,Isaiah Pola-Mao
NO,J.Reid,LV,T.Tucker,3,Tackled after catch,15,Tre Tucker,Justin Reid
LV,N.Dean,NO,K.Miller,3,Tackled after catch,1,Kendre Miller,Nakobe Dean
LV,I.Pola-Mao,NO,J.Johnson,3,Tackled after catch,22,Juwan Johnson,Isaiah Pola-Mao
LV,T.Johnson,NO,C.Olave,3,Tackled after catch,9,Chris Olave,Taron Johnson
LV,Q.Walker,NO,J.Johnson,3,Tackled after catch,-4,Juwan Johnson,Quay Walker
LV,T.Johnson,NO,C.Olave,3,Tackled after catch,19,Chris Olave,Taron Johnson
LV,N.Dean,NO,J.Johnson,3,Tackled after catch,0,Juwan Johnson,Nakobe Dean
TB,J.Parrish,MIN,J.Jefferson,3,Tackled after catch,22,Justin Jefferson,Jacob Parrish
MIN,B.Cashman,TB,C.Otton,3,Tackled after catch,14,Cade Otton,Blake Cashman
TB,T.Smith,MIN,T.Hockenson,3,Tackled after catch,5,T.J. Hockenson,Tykee Smith
MIN,I.Rodgers,TB,E.Egbuka,3,Tackled after catch,4,Emeka Egbuka,Isaiah Rodgers
TB,J.Parrish,MIN,J.Addison,3,Tackled after catch,4,Jordan Addison,Jacob Parrish
MIN,E.Wilson,TB,B.Irving,3,Tackled after catch,4,Bucky Irving,Eric Wilson
MIN,H.Smith,TB,E.Egbuka,3,Tackled after catch,14,Emeka Egbuka,Harrison Smith
MIN,J.Pierre,TB,T.Johnson,3,Tackled after catch,8,Tez Johnson,James Pierre
MIN,I.Rodgers,TB,B.Irving,3,Tackled after catch,8,Bucky Irving,Isaiah Rodgers
TB,K.Scott,MIN,J.Jennings,3,Tackled after catch,1,Jauan Jennings,Keionte Scott
MIN,J.Metellus,TB,C.Otton,3,Tackled after catch,5,Cade Otton,Josh Metellus
TB,C.Kancey,MIN,T.Hockenson,3,Tackled after catch,6,T.J. Hockenson,Calijah Kancey
MIN,E.Wilson,TB,C.Godwin,3,Tackled after catch,3,Chris Godwin Jr.,Eric Wilson
MIN,J.Metellus,TB,E.Egbuka,3,Tackled after catch,21,Emeka Egbuka,Josh Metellus
TB,J.Parrish,MIN,J.Addison,3,Tackled after catch,10,Jordan Addison,Jacob Parrish
TB,Y.Diaby,MIN,A.Jones,3,Tackled after catch,5,Aaron Jones Sr.,YaYa Diaby
TB,A.Anzalone,MIN,A.Jones,3,Tackled after catch,4,Aaron Jones Sr.,Alex Anzalone
TB,A.Winfield,MIN,A.Jones,3,Tackled after catch,2,Aaron Jones Sr.,Antoine Winfield Jr.
TB,Y.Diaby,MIN,J.Addison,3,Tackled after catch,5,Jordan Addison,YaYa Diaby
TB,C.Rozeboom,MIN,A.Jones,3,Tackled after catch,11,Aaron Jones Sr.,Christian Rozeboom
MIN,B.Cashman,TB,K.Gainwell,3,Tackled after catch,13,Kenny Gainwell,Blake Cashman
TB,T.Smith,MIN,A.Jones,3,Tackled after catch,12,Aaron Jones Sr.,Tykee Smith
NE,C.Davis,JAX,B.Strange,3,Tackled after catch,8,Brenton Strange,Carlton Davis
JAX,V.Miller,NE,R.Stevenson,3,Tackled after catch,2,Rhamondre Stevenson,Ventrell Miller
NE,M.Jones,JAX,B.Strange,3,Tackled after catch,1,Brenton Strange,Marcus Jones
NE,R.Spillane,JAX,J.Meyers,3,Tackled after catch,5,Jakobi Meyers,Robert Spillane
NE,C.Gonzalez,JAX,L.Allen,3,Tackled after catch,2,LeQuint Allen Jr.,Christian Gonzalez
JAX,J.Jones,NE,M.Hollins,3,Tackled after catch,13,Mack Hollins,Jarrian Jones
NE,C.Elliss,JAX,B.Tuten,3,Tackled after catch,2,Bhayshul Tuten,Christian Elliss
NE,K.Byard,JAX,P.Washington,3,Tackled after catch,18,Parker Washington,Kevin Byard
NE,C.Davis,JAX,P.Washington,3,Tackled after catch,5,Parker Washington,Carlton Davis
NE,C.Davis,JAX,B.Strange,3,Tackled after catch,23,Brenton Strange,Carlton Davis
NE,M.Jones,JAX,J.Meyers,3,Tackled after catch,10,Jakobi Meyers,Marcus Jones
NE,C.Davis,JAX,L.Allen,3,Tackled after catch,7,LeQuint Allen Jr.,Carlton Davis
JAX,V.Miller,NE,H.Henry,3,Tackled after catch,5,Hunter Henry,Ventrell Miller
JAX,V.Miller,NE,R.Stevenson,3,Tackled after catch,12,Rhamondre Stevenson,Ventrell Miller
NE,C.Davis,JAX,J.Meyers,3,Tackled after catch,-1,Jakobi Meyers,Carlton Davis
NE,C.Gonzalez,JAX,J.Meyers,3,Tackled after catch,14,Jakobi Meyers,Christian Gonzalez
NE,C.Davis,JAX,J.Meyers,3,Tackled after catch,13,Jakobi Meyers,Carlton Davis
JAX,M.Brown,NE,M.Hollins,3,Tackled after catch,10,Mack Hollins,Montaric Brown
JAX,A.Johnson,NE,R.Doubs,3,Tackled after catch,21,Romeo Doubs,Antonio Johnson
JAX,J.Jones,NE,K.Williams,3,Tackled after catch,34,Kyle Williams,Jarrian Jones
JAX,E.Murray,NE,M.Hollins,3,Tackled after catch,9,Mack Hollins,Eric Murray
NE,C.Woods,JAX,J.Meyers,3,Tackled after catch,13,Jakobi Meyers,Charles Woods
JAX,C.Ransaw,NE,R.Doubs,3,Tackled after catch,20,Romeo Doubs,Caleb Ransaw
JAX,J.Jones,NE,E.Chism,3,Tackled after catch,1,Efton Chism III,Jarrian Jones
DET,D.Reed,NYJ,G.Wilson,3,Tackled after catch,6,Garrett Wilson,D.J. Reed
NYJ,A.Thomas,DET,S.LaPorta,3,Tackled after catch,8,Sam LaPorta,Azareye'h Thomas
NYJ,D.Davis,DET,B.Wright,3,Tackled after catch,5,Brock Wright,Demario Davis
NYJ,A.Thomas,DET,J.Williams,3,Tackled after catch,5,Jameson Williams,Azareye'h Thomas
DET,C.Izien,NYJ,J.Ruckert,3,Tackled after catch,7,Jeremy Ruckert,Christian Izien
DET,C.Clark,NYJ,K.Sadiq,3,Tackled after catch,5,Kenyon Sadiq,Chuck Clark
DET,T.Nowaske,NYJ,S.Shepard,3,Tackled after catch,3,Sterling Shepard,Trevor Nowaske
DET,D.Barnes,NYJ,G.Wilson,3,Tackled after catch,3,Garrett Wilson,Derrick Barnes
NYJ,B.Stephens,DET,A.St. Brown,3,Tackled after catch,16,A.St. Brown,Brandon Stephens
DET,A.McNeill,NYJ,G.Wilson,3,Tackled after catch,0,Garrett Wilson,Alim McNeill
NYJ,A.Cisco,DET,J.Gibbs,3,Tackled after catch,13,Jahmyr Gibbs,Andre Cisco
NYJ,D.Davis,DET,J.Gibbs,3,Tackled after catch,12,Jahmyr Gibbs,Demario Davis
NYJ,J.Brownlee,DET,A.St. Brown,3,Tackled after catch,0,A.St. Brown,Jarvis Brownlee
DET,C.Izien,NYJ,B.Hall,3,Tackled after catch,12,Breece Hall,Christian Izien
DET,J.Campbell,NYJ,J.Ruckert,3,Tackled after catch,16,Jeremy Ruckert,Jack Campbell
DET,R.McCreary,NYJ,J.Woods,3,Tackled after catch,20,Jelani Woods,Roger McCreary
NYJ,D.Davis,DET,I.TeSlaa,3,Tackled after catch,12,Isaac TeSlaa,Demario Davis
NYJ,J.Sherwood,DET,A.St. Brown,3,Tackled after catch,-1,A.St. Brown,Jamien Sherwood
NYJ,J.Sherwood,DET,J.Gibbs,3,Tackled after catch,9,Jahmyr Gibbs,Jamien Sherwood
NYJ,A.Cisco,DET,I.TeSlaa,3,Tackled after catch,5,Isaac TeSlaa,Andre Cisco
DET,R.Ya-Sin,NYJ,G.Wilson,3,Tackled after catch,11,Garrett Wilson,Rock Ya-Sin
DET,R.Ya-Sin,NYJ,B.Hall,3,Tackled after catch,4,Breece Hall,Rock Ya-Sin
DET,J.Campbell,NYJ,K.Sadiq,3,Tackled after catch,8,Kenyon Sadiq,Jack Campbell
NYJ,D.Belton,DET,J.Meeks,3,Tackled after catch,8,Jackson Meeks,Dane Belton
NYJ,D.Davis,DET,S.LaPorta,3,Tackled after catch,28,Sam LaPorta,Demario Davis
NYJ,J.Sherwood,DET,J.Gibbs,3,Tackled after catch,7,Jahmyr Gibbs,Jamien Sherwood
DET,D.Reed,NYJ,G.Wilson,3,Tackled after catch,32,Garrett Wilson,D.J. Reed
NYJ,A.Cisco,DET,B.Wright,3,Tackled after catch,2,Brock Wright,Andre Cisco
NYJ,A.Thomas,DET,J.Williams,3,Tackled after catch,9,Jameson Williams,Azareye'h Thomas
DET,C.Izien,NYJ,K.Sadiq,3,Tackled after catch,3,Kenyon Sadiq,Christian Izien
DET,R.McCreary,NYJ,G.Wilson,3,Tackled after catch,4,Garrett Wilson,Roger McCreary
DET,R.McCreary,NYJ,G.Wilson,3,Tackled after catch,15,Garrett Wilson,Roger McCreary
DET,C.Izien,NYJ,B.Allen,3,Tackled after catch,-4,Braelon Allen,Christian Izien
NYJ,A.Cisco,DET,I.TeSlaa,3,Tackled after catch,49,Isaac TeSlaa,Andre Cisco
NYJ,K.Enagbare,DET,J.Gibbs,3,Tackled after catch,6,Jahmyr Gibbs,Kingsley Enagbare
DET,T.Nowaske,NYJ,B.Allen,3,Tackled after catch,0,Braelon Allen,Trevor Nowaske
DET,D.Reed,NYJ,K.Sadiq,3,Tackled after catch,7,Kenyon Sadiq,D.J. Reed
DET,R.McCreary,NYJ,G.Wilson,3,Tackled after catch,7,Garrett Wilson,Roger McCreary
DET,D.Barnes,NYJ,B.Allen,3,Tackled after catch,7,Braelon Allen,Derrick Barnes
DET,C.Izien,NYJ,J.Ruckert,3,Tackled after catch,5,Jeremy Ruckert,Christian Izien
PHI,J.Campbell,CHI,L.Burden,3,Tackled after catch,7,Luther Burden III,Jihaad Campbell
PHI,Z.Baun,CHI,C.Loveland,3,Tackled after catch,4,Colston Loveland,Zack Baun
PHI,Z.Baun,CHI,S.Roush,3,Tackled after catch,16,Sam Roush,Zack Baun
CHI,D.Thieneman,PHI,M.Lemon,3,Tackled after catch,19,Makai Lemon,Dillon Thieneman
PHI,Q.Mitchell,CHI,L.Burden,3,Tackled after catch,13,Luther Burden III,Quinyon Mitchell
PHI,Z.Baun,CHI,L.Burden,3,Tackled after catch,6,Luther Burden III,Zack Baun
PHI,M.Carter,CHI,C.Loveland,3,Tackled after catch,5,Colston Loveland,Michael Carter II
CHI,M.Muhammad,PHI,D.Smith,3,Tackled after catch,13,DeVonta Smith,Malik Muhammad
CHI,X.Woods,PHI,D.Smith,3,Tackled after catch,5,DeVonta Smith,Xavier Woods
PHI,A.Mukuba,CHI,L.Burden,3,Tackled after catch,25,Luther Burden III,Andrew Mukuba
PHI,M.Epps,CHI,R.Odunze,3,Tackled after catch,22,Rome Odunze,Marcus Epps
PHI,C.DeJean,CHI,D.Swift,3,Tackled after catch,0,D'Andre Swift,Cooper DeJean
PHI,J.Campbell,CHI,K.Raymond,3,Tackled after catch,13,Kalif Raymond,Jihaad Campbell
CHI,C.Lewis,PHI,D.Wicks,3,Tackled after catch,13,Dontayvion Wicks,Cameron Lewis
CHI,J.Johnson,PHI,D.Smith,3,Tackled after catch,5,DeVonta Smith,Jaylon Johnson
CHI,J.Johnson,PHI,D.Smith,3,Tackled after catch,30,DeVonta Smith,Jaylon Johnson
CHI,J.Johnson,PHI,Z.Ertz,3,Tackled after catch,9,Zach Ertz,Jaylon Johnson
PHI,A.Mukuba,CHI,K.Raymond,3,Tackled after catch,12,Kalif Raymond,Andrew Mukuba
PHI,C.DeJean,CHI,L.Burden,3,Tackled after catch,4,Luther Burden III,Cooper DeJean
CHI,J.Johnson,PHI,M.Lemon,3,Tackled after catch,-3,Makai Lemon,Jaylon Johnson
PHI,Q.Mitchell,CHI,K.Raymond,3,Tackled after catch,9,Kalif Raymond,Quinyon Mitchell
PHI,M.Carter,CHI,K.Raymond,3,Tackled after catch,5,Kalif Raymond,Michael Carter II
PHI,Q.Mitchell,CHI,L.Burden,3,Tackled after catch,-2,Luther Burden III,Quinyon Mitchell
CHI,J.Johnson,PHI,D.Wicks,3,Tackled after catch,19,Dontayvion Wicks,Jaylon Johnson
CHI,E.Hicks,PHI,D.Smith,3,Tackled after catch,4,DeVonta Smith,Elijah Hicks
PHI,Q.Mitchell,CHI,R.Odunze,3,Tackled after catch,7,Rome Odunze,Quinyon Mitchell
WSH,R.Douglas,SEA,R.Shaheed,3,Tackled after catch,9,Rashid Shaheed,Rasul Douglas
SEA,E.Jones,WSH,J.Croskey-Merritt,3,Tackled after catch,7,Jacory Croskey-Merritt,Ernest Jones
SEA,D.Witherspoon,WSH,T.McLaurin,3,Tackled after catch,11,Terry McLaurin,Devon Witherspoon
SEA,D.Witherspoon,WSH,C.Yankoff,3,Tackled after catch,2,Colson Yankoff,Devon Witherspoon
WSH,L.Chenal,SEA,J.Smith-Njigba,3,Tackled after catch,11,Jaxon Smith-Njigba,Leo Chenal
WSH,J.Reaves,SEA,J.Smith-Njigba,3,Tackled after catch,20,Jaxon Smith-Njigba,Jeremy Reaves
WSH,K.Chaisson,SEA,A.Barner,3,Tackled after catch,32,AJ Barner,K'Lavon Chaisson
WSH,Q.Martin,SEA,B.Russell,3,Tackled after catch,20,Brady Russell,Quan Martin
WSH,A.Robertson,SEA,G.Holani,3,Tackled after catch,6,George Holani,Amik Robertson
SEA,J.Jobe,WSH,T.McLaurin,3,Tackled after catch,6,Terry McLaurin,Josh Jobe
SEA,A.Finley,WSH,J.Lane,3,Tackled after catch,21,Jaylin Lane,AJ Finley
WSH,J.Reaves,SEA,C.Kupp,3,Tackled after catch,19,Cooper Kupp,Jeremy Reaves
WSH,M.Sainristil,SEA,C.Kupp,3,Tackled after catch,16,Cooper Kupp,Mike Sainristil
WSH,Q.Martin,SEA,T.Horton,3,Tackled after catch,17,Tory Horton,Quan Martin
WSH,R.Douglas,SEA,A.Barner,3,Tackled after catch,15,AJ Barner,Rasul Douglas
WSH,A.Robertson,SEA,J.Smith-Njigba,3,Tackled after catch,3,Jaxon Smith-Njigba,Amik Robertson
WSH,A.Robertson,SEA,C.Kupp,3,Tackled after catch,4,Cooper Kupp,Amik Robertson
SEA,D.Witherspoon,WSH,A.Williams,3,Tackled after catch,6,Antonio Williams,Devon Witherspoon
SEA,D.Witherspoon,WSH,S.Diggs,3,Tackled after catch,8,Stefon Diggs,Devon Witherspoon
WSH,K.Medrano,SEA,J.Price,3,Tackled after catch,7,Jadarian Price,Kain Medrano
SEA,D.Thomas,WSH,S.Diggs,3,Tackled after catch,11,Stefon Diggs,Drake Thomas
SEA,A.Finley,WSH,T.Burks,3,Tackled after catch,2,Treylon Burks,AJ Finley
WSH,K.Medrano,SEA,A.Barner,3,Tackled after catch,5,AJ Barner,Kain Medrano
WSH,M.Sainristil,SEA,R.Shaheed,3,Tackled after catch,5,Rashid Shaheed,Mike Sainristil
WSH,P.Butler,SEA,J.Smith-Njigba,3,Tackled after catch,12,Jaxon Smith-Njigba,Percy Butler
WSH,Q.Martin,SEA,T.Horton,3,Tackled after catch,14,Tory Horton,Quan Martin
WSH,S.Styles,SEA,E.Saubert,3,Tackled after catch,13,Eric Saubert,Sonny Styles
SEA,D.Thomas,WSH,J.Bates,3,Tackled after catch,9,John Bates,Drake Thomas
WSH,K.Medrano,SEA,G.Holani,3,Tackled after catch,9,George Holani,Kain Medrano
WSH,J.Josephs,SEA,A.Barner,3,Tackled after catch,12,AJ Barner,Joshua Josephs
WSH,K.Chaisson,SEA,G.Holani,3,Tackled after catch,13,George Holani,K'Lavon Chaisson
WSH,R.Douglas,SEA,A.Barner,3,Tackled after catch,5,AJ Barner,Rasul Douglas
SEA,N.Pritchett,WSH,T.McLaurin,3,Tackled after catch,7,Terry McLaurin,Nehemiah Pritchett
SEA,J.Jobe,WSH,T.McLaurin,3,Tackled after catch,5,Terry McLaurin,Josh Jobe
SEA,D.Witherspoon,WSH,S.Diggs,3,Tackled after catch,10,Stefon Diggs,Devon Witherspoon
WSH,J.Reaves,SEA,J.Smith-Njigba,3,Tackled after catch,18,Jaxon Smith-Njigba,Jeremy Reaves
WSH,S.Styles,SEA,J.Smith-Njigba,3,Tackled after catch,11,Jaxon Smith-Njigba,Sonny Styles
WSH,A.Robertson,SEA,J.Smith-Njigba,3,Tackled after catch,15,Jaxon Smith-Njigba,Amik Robertson
WSH,Q.Martin,SEA,T.Horton,3,Tackled after catch,17,Tory Horton,Quan Martin
TEN,A.Hooker,NYG,C.Skattebo,3,Tackled after catch,30,Cam Skattebo,Amani Hooker
TEN,C.Gray,NYG,I.Likely,3,Tackled after catch,10,Isaiah Likely,Cedric Gray
TEN,M.Harris,NYG,M.Nabers,3,Tackled after catch,0,Malik Nabers,Marcus Harris
TEN,A.Taylor,NYG,M.Nabers,3,Tackled after catch,5,Malik Nabers,Alontae Taylor
NYG,G.Newsome,TEN,C.Dike,3,Tackled after catch,3,Chimere Dike,Greg Newsome II
NYG,A.Phillips,TEN,W.Robinson,3,Tackled after catch,1,Wan'Dale Robinson,Andru Phillips
NYG,A.Reese,TEN,T.Pollard,3,Tackled after catch,-1,Tony Pollard,Arvell Reese
TEN,M.Harris,NYG,M.Nabers,3,Tackled after catch,-1,Malik Nabers,Marcus Harris
NYG,A.Washington,TEN,W.Robinson,3,Tackled after catch,6,Wan'Dale Robinson,Ar'Darius Washington
NYG,A.Reese,TEN,D.Bellinger,3,Tackled after catch,10,Daniel Bellinger,Arvell Reese
TEN,M.Harris,NYG,C.Skattebo,3,Tackled after catch,7,Cam Skattebo,Marcus Harris
NYG,A.Reese,TEN,W.Robinson,3,Tackled after catch,16,Wan'Dale Robinson,Arvell Reese
NYG,A.Phillips,TEN,C.Tate,3,Tackled after catch,6,Carnell Tate,Andru Phillips
TEN,A.Taylor,NYG,M.Nabers,3,Tackled after catch,10,Malik Nabers,Alontae Taylor
TEN,A.Hill,NYG,D.Mooney,3,Tackled after catch,7,Darnell Mooney,Anthony Hill
TEN,A.Taylor,NYG,C.Skattebo,3,Tackled after catch,3,Cam Skattebo,Alontae Taylor
TEN,C.Flott,NYG,D.Mooney,3,Tackled after catch,13,Darnell Mooney,Cordale Flott
TEN,A.Hill,NYG,M.Fields,3,Tackled after catch,10,Malachi Fields,Anthony Hill
NYG,A.Phillips,TEN,C.Tate,3,Tackled after catch,6,Carnell Tate,Andru Phillips
NYG,C.Hood,TEN,C.Tate,3,Tackled after catch,20,Carnell Tate,Colton Hood
NYG,A.Reese,TEN,T.Pollard,3,Tackled after catch,4,Tony Pollard,Arvell Reese
NYG,A.Phillips,TEN,T.Pollard,3,Tackled after catch,1,Tony Pollard,Andru Phillips
NYG,C.Hood,TEN,C.Tate,3,Tackled after catch,7,Carnell Tate,Colton Hood
NYG,T.Edmunds,TEN,G.Helm,3,Tackled after catch,5,Gunnar Helm,Tremaine Edmunds
NYG,T.Edmunds,TEN,G.Helm,3,Tackled after catch,9,Gunnar Helm,Tremaine Edmunds
TEN,C.Flott,NYG,M.Nabers,3,Tackled after catch,12,Malik Nabers,Cordale Flott
NYG,A.Phillips,TEN,W.Robinson,3,Tackled after catch,12,Wan'Dale Robinson,Andru Phillips
NYG,T.Edmunds,TEN,T.Pollard,3,Tackled after catch,18,Tony Pollard,Tremaine Edmunds
NYG,C.Hood,TEN,C.Tate,3,Tackled after catch,6,Carnell Tate,Colton Hood
NYG,A.Phillips,TEN,W.Robinson,3,Tackled after catch,9,Wan'Dale Robinson,Andru Phillips
NYG,J.Pinnock,TEN,E.Ayomanor,3,Tackled after catch,11,Elic Ayomanor,Jason Pinnock
NYG,A.Reese,ARI,T.McBride,4,Tackled after catch,6,Trey McBride,Arvell Reese
ARI,A.Wingard,NYG,M.Nabers,4,Tackled after catch,39,Malik Nabers,Andrew Wingard
ARI,J.Gibbens,NYG,M.Nabers,4,Tackled after catch,9,Malik Nabers,Jack Gibbens
NYG,J.Holland,ARI,Mi.Wilson,4,Tackled after catch,20,Mi.Wilson,Jevon Holland
ARI,G.Williams,NYG,I.Likely,4,Tackled after catch,2,Isaiah Likely,Garrett Williams
ARI,G.Williams,NYG,I.Likely,4,Tackled after catch,1,Isaiah Likely,Garrett Williams
NYG,T.Edmunds,ARI,T.McBride,4,Tackled after catch,-3,Trey McBride,Tremaine Edmunds
NYG,A.Reese,ARI,T.Allgeier,4,Tackled after catch,2,Tyler Allgeier,Arvell Reese
ARI,B.Baker,NYG,M.Nabers,4,Tackled after catch,5,Malik Nabers,Budda Baker
NYG,G.Newsome,ARI,T.McBride,4,Tackled after catch,2,Trey McBride,Greg Newsome II
ARI,M.Melton,NYG,I.Likely,4,Tackled after catch,7,Isaiah Likely,Max Melton
ARI,G.Williams,NYG,I.Likely,4,Tackled after catch,5,Isaiah Likely,Garrett Williams
NYG,A.Reese,ARI,J.Love,4,Tackled after catch,-8,Jeremiyah Love,Arvell Reese
ARI,D.Burke,NYG,M.Nabers,4,Tackled after catch,6,Malik Nabers,Denzel Burke
NYG,T.Edmunds,ARI,T.McBride,4,Tackled after catch,8,Trey McBride,Tremaine Edmunds
NYG,G.Newsome,ARI,Mi.Wilson,4,Tackled after catch,24,Mi.Wilson,Greg Newsome II
NYG,A.Reese,ARI,H.Long,4,Tackled after catch,10,Hunter Long,Arvell Reese
NYG,T.Nubin,ARI,Mi.Wilson,4,Tackled after catch,10,Mi.Wilson,Tyler Nubin
ARI,M.Melton,NYG,M.Nabers,4,Tackled after catch,28,Malik Nabers,Max Melton
ARI,W.Williams,NYG,M.Fields,4,Tackled after catch,40,Malachi Fields,Wydett Williams
ARI,J.Sweat,NYG,I.Likely,4,Tackled after catch,2,Isaiah Likely,Josh Sweat
NYG,T.Edmunds,ARI,E.Higgins,4,Tackled after catch,17,Elijah Higgins,Tremaine Edmunds
NYG,A.Reese,ARI,T.McBride,4,Tackled after catch,9,Trey McBride,Arvell Reese
ARI,J.Gibbens,NYG,P.Ricard,4,Tackled after catch,1,Patrick Ricard,Jack Gibbens
ARI,B.Baker,NYG,I.Likely,4,Tackled after catch,15,Isaiah Likely,Budda Baker
NYG,G.Newsome,ARI,Mi.Wilson,4,Tackled after catch,11,Mi.Wilson,Greg Newsome II
NYG,G.Newsome,ARI,Mi.Wilson,4,Tackled after catch,9,Mi.Wilson,Greg Newsome II
NYG,A.Reese,ARI,T.McBride,4,Tackled after catch,5,Trey McBride,Arvell Reese
NYG,T.Nubin,ARI,Mi.Wilson,4,Tackled after catch,8,Mi.Wilson,Tyler Nubin
NYG,A.Reese,ARI,T.McBride,4,Tackled after catch,4,Trey McBride,Arvell Reese
NO,J.Blackmon,ATL,D.London,4,Tackled after catch,12,Drake London,Julian Blackmon
NO,J.Sanker,ATL,A.Hooper,4,Tackled after catch,9,Austin Hooper,Jonas Sanker
NO,Q.Riley,ATL,Z.Branch,4,Tackled after catch,9,Zachariah Branch,Quincy Riley
ATL,C.Henderson,NO,J.Johnson,4,Tackled after catch,23,Juwan Johnson,C.J. Henderson
ATL,B.Bowman,NO,A.Kamara,4,Tackled after catch,5,Alvin Kamara,Billy Bowman
ATL,D.Deablo,NO,A.Kamara,4,Tackled after catch,17,Alvin Kamara,Divine Deablo
ATL,X.Watts,NO,C.Olave,4,Tackled after catch,44,Chris Olave,Xavier Watts
ATL,C.Henderson,NO,B.Lance,4,Tackled after catch,7,Bryce Lance,C.J. Henderson
NO,F.Diggs,ATL,K.Pitts,4,Tackled after catch,9,Kyle Pitts Sr.,Fadil Diggs
NO,J.Reid,ATL,D.London,4,Tackled after catch,37,Drake London,Justin Reid
NO,J.Reid,ATL,Z.Branch,4,Tackled after catch,1,Zachariah Branch,Justin Reid
NO,T.Wilson,ATL,K.Pitts,4,Tackled after catch,10,Kyle Pitts Sr.,Tyree Wilson
ATL,D.Deablo,NO,A.Kamara,4,Tackled after catch,2,Alvin Kamara,Divine Deablo
ATL,X.Watts,NO,J.Johnson,4,Tackled after catch,1,Juwan Johnson,Xavier Watts
ATL,M.Hughes,NO,C.Olave,4,Tackled after catch,12,Chris Olave,Mike Hughes
ATL,C.Henderson,NO,C.Olave,4,Tackled after catch,6,Chris Olave,C.J. Henderson
NO,J.Sanker,ATL,D.London,4,Tackled after catch,6,Drake London,Jonas Sanker
ATL,C.Henderson,NO,C.Olave,4,Tackled after catch,11,Chris Olave,C.J. Henderson
ATL,C.Henderson,NO,A.Kamara,4,Tackled after catch,7,Alvin Kamara,C.J. Henderson
ATL,X.Watts,NO,J.Johnson,4,Tackled after catch,9,Juwan Johnson,Xavier Watts
ATL,C.Henderson,NO,C.Olave,4,Tackled after catch,10,Chris Olave,C.J. Henderson
ATL,H.Perkins,NO,K.Miller,4,Tackled after catch,7,Kendre Miller,Harold Perkins
NO,K.McKinstry,ATL,J.Dotson,4,Tackled after catch,23,Jahan Dotson,Kool-Aid McKinstry
NO,J.Blackmon,ATL,Bi.Robinson,4,Tackled after catch,2,Bi.Robinson,Julian Blackmon
NO,Q.Riley,ATL,D.London,4,Tackled after catch,14,Drake London,Quincy Riley
ATL,X.Watts,NO,D.Vele,4,Tackled after catch,18,Devaughn Vele,Xavier Watts
ATL,H.Perkins,NO,K.Miller,4,Tackled after catch,3,Kendre Miller,Harold Perkins
ATL,C.Henderson,NO,A.Kamara,4,Tackled after catch,4,Alvin Kamara,C.J. Henderson
ATL,C.Henderson,NO,D.Vele,4,Tackled after catch,17,Devaughn Vele,C.J. Henderson
ATL,M.Hughes,NO,D.Vele,4,Tackled after catch,9,Devaughn Vele,Mike Hughes
NO,J.Blackmon,ATL,K.Pitts,4,Tackled after catch,28,Kyle Pitts Sr.,Julian Blackmon
ATL,X.Watts,NO,J.Johnson,4,Tackled after catch,6,Juwan Johnson,Xavier Watts
ATL,C.Henderson,NO,D.Vele,4,Tackled after catch,5,Devaughn Vele,C.J. Henderson
ATL,D.Hellams,NO,C.Donaldson,4,Tackled after catch,-1,CJ Donaldson,DeMarcco Hellams
ATL,B.Bowman,NO,C.Olave,4,Tackled after catch,23,Chris Olave,Billy Bowman
ATL,H.Perkins,NO,C.Olave,4,Tackled after catch,5,Chris Olave,Harold Perkins
ATL,K.Daniels,NO,C.Donaldson,4,Tackled after catch,6,CJ Donaldson,Kendal Daniels
ATL,H.Perkins,NO,C.Olave,4,Tackled after catch,5,Chris Olave,Harold Perkins
DAL,M.Hooker,HOU,N.Collins,4,Tackled after catch,45,Nico Collins,Malik Hooker
DAL,M.Hooker,HOU,B.Jordan,4,Tackled after catch,13,Brevin Jordan,Malik Hooker
DAL,C.Downs,HOU,D.Schultz,4,Tackled after catch,7,Dalton Schultz,Caleb Downs
HOU,C.Bullock,DAL,C.Lamb,4,Tackled after catch,8,CeeDee Lamb,Calen Bullock
HOU,R.Blankenship,DAL,R.Flournoy,4,Tackled after catch,19,Ryan Flournoy,Reed Blankenship
DAL,D.Bland,HOU,J.Noel,4,Tackled after catch,52,Jaylin Noel,DaRon Bland
DAL,R.Steward,HOU,N.Collins,4,Tackled after catch,5,Nico Collins,Reddy Steward
HOU,J.Hansen,DAL,J.Williams,4,Tackled after catch,9,Javonte Williams,Jake Hansen
HOU,J.Pitre,DAL,C.Lamb,4,Tackled after catch,2,CeeDee Lamb,Jalen Pitre
HOU,K.Lassiter,DAL,J.Ferguson,4,Tackled after catch,2,Jake Ferguson,Kamari Lassiter
HOU,R.Blankenship,DAL,C.Lamb,4,Tackled after catch,8,CeeDee Lamb,Reed Blankenship
HOU,K.Lassiter,DAL,J.Ferguson,4,Tackled after catch,2,Jake Ferguson,Kamari Lassiter
HOU,J.Pitre,DAL,J.Williams,4,Tackled after catch,1,Javonte Williams,Jalen Pitre
DAL,M.Hooker,HOU,X.Hutchinson,4,Tackled after catch,10,Xavier Hutchinson,Malik Hooker
HOU,J.Hansen,DAL,C.Lamb,4,Tackled after catch,11,CeeDee Lamb,Jake Hansen
DAL,D.Bland,HOU,N.Collins,4,Tackled after catch,18,Nico Collins,DaRon Bland
HOU,K.Lassiter,DAL,C.Lamb,4,Tackled after catch,9,CeeDee Lamb,Kamari Lassiter
HOU,K.Lassiter,DAL,C.Lamb,4,Tackled after catch,11,CeeDee Lamb,Kamari Lassiter
HOU,K.Murray,DAL,J.Williams,4,Tackled after catch,5,Javonte Williams,Kenneth Murray
DAL,D.Bland,HOU,K.Boutte,4,Tackled after catch,6,Kayshon Boutte,DaRon Bland
DAL,C.Downs,HOU,X.Hutchinson,4,Tackled after catch,10,Xavier Hutchinson,Caleb Downs
HOU,K.Lassiter,DAL,G.Pickens,4,Tackled after catch,53,George Pickens,Kamari Lassiter
DAL,M.Hooker,HOU,C.Stover,4,Tackled after catch,20,Cade Stover,Malik Hooker
HOU,R.Blankenship,DAL,C.Lamb,4,Tackled after catch,8,CeeDee Lamb,Reed Blankenship
HOU,R.Blankenship,DAL,R.Flournoy,4,Tackled after catch,2,Ryan Flournoy,Reed Blankenship
HOU,K.Lassiter,DAL,C.Lamb,4,Tackled after catch,7,CeeDee Lamb,Kamari Lassiter
HOU,C.Bullock,DAL,C.Lamb,4,Tackled after catch,16,CeeDee Lamb,Calen Bullock
HOU,J.Hansen,DAL,J.Williams,4,Tackled after catch,2,Javonte Williams,Jake Hansen
HOU,S.Rankins,DAL,R.Flournoy,4,Tackled after catch,7,Ryan Flournoy,Sheldon Rankins
HOU,J.Pitre,DAL,H.Luepke,4,Tackled after catch,2,Hunter Luepke,Jalen Pitre
DAL,R.Steward,HOU,X.Hutchinson,4,Tackled after catch,26,Xavier Hutchinson,Reddy Steward
DAL,R.Steward,HOU,K.Boutte,4,Tackled after catch,9,Kayshon Boutte,Reddy Steward
DAL,R.Steward,HOU,N.Collins,4,Tackled after catch,13,Nico Collins,Reddy Steward
DAL,C.Downs,HOU,J.Noel,4,Tackled after catch,22,Jaylin Noel,Caleb Downs
DAL,C.Downs,HOU,F.Moreau,4,Tackled after catch,1,Foster Moreau,Caleb Downs
HOU,K.Ramsey,DAL,C.Lamb,4,Tackled after catch,9,CeeDee Lamb,Kamari Ramsey
HOU,K.Ramsey,DAL,C.Lamb,4,Tackled after catch,-3,CeeDee Lamb,Kamari Ramsey
HOU,C.Bullock,DAL,J.Ferguson,4,Tackled after catch,7,Jake Ferguson,Calen Bullock
HOU,J.Pitre,DAL,C.Lamb,4,Tackled after catch,15,CeeDee Lamb,Jalen Pitre
HOU,J.Hansen,DAL,J.Williams,4,Tackled after catch,4,Javonte Williams,Jake Hansen
HOU,K.Lassiter,DAL,C.Lamb,4,Tackled after catch,8,CeeDee Lamb,Kamari Lassiter
HOU,R.Blankenship,DAL,G.Pickens,4,Tackled after catch,22,George Pickens,Reed Blankenship
DAL,A.Speed,HOU,N.Collins,4,Tackled after catch,8,Nico Collins,Ameer Speed
DAL,M.Hooker,HOU,J.Noel,4,Tackled after catch,11,Jaylin Noel,Malik Hooker
SF,R.Green,DEN,J.Waddle,4,Tackled after catch,2,Jaylen Waddle,Renardo Green
DEN,P.Surtain,SF,G.Kittle,4,Tackled after catch,3,George Kittle,Patrick Surtain II
SF,D.Greenlaw,DEN,R.Harvey,4,Tackled after catch,6,RJ Harvey,Dre Greenlaw
SF,R.Height,DEN,P.Bryant,4,Tackled after catch,6,Pat Bryant,Romello Height
SF,M.Sigle,DEN,T.Badie,4,Tackled after catch,25,Tyler Badie,Marques Sigle
SF,J.Brown,DEN,R.Harvey,4,Tackled after catch,2,RJ Harvey,Ji'Ayir Brown
SF,U.Stout,DEN,R.Harvey,4,Tackled after catch,6,RJ Harvey,Upton Stout
DEN,B.Jones,SF,D.Samuel,4,Tackled after catch,4,Deebo Samuel Sr.,Brandon Jones
DEN,A.Singleton,SF,G.Kittle,4,Tackled after catch,4,George Kittle,Alex Singleton
SF,M.Mustapha,DEN,J.Waddle,4,Tackled after catch,9,Jaylen Waddle,Malik Mustapha
SF,U.Stout,DEN,J.Dobbins,4,Tackled after catch,5,J.K. Dobbins,Upton Stout
DEN,T.Hufanga,SF,M.Evans,4,Tackled after catch,18,Mike Evans,Talanoa Hufanga
DEN,A.Singleton,SF,K.Juszczyk,4,Tackled after catch,12,Kyle Juszczyk,Alex Singleton
SF,F.Warner,DEN,R.Harvey,4,Tackled after catch,5,RJ Harvey,Fred Warner
SF,R.Green,DEN,R.Harvey,4,Tackled after catch,4,RJ Harvey,Renardo Green
SF,D.Lenoir,DEN,C.Sutton,4,Tackled after catch,4,Courtland Sutton,Deommodore Lenoir
DEN,B.Jones,SF,M.Evans,4,Tackled after catch,24,Mike Evans,Brandon Jones
DEN,R.Moss,SF,M.Evans,4,Tackled after catch,8,Mike Evans,Riley Moss
DEN,A.Singleton,SF,C.McCaffrey,4,Tackled after catch,5,Christian McCaffrey,Alex Singleton
SF,U.Stout,DEN,P.Bryant,4,Tackled after catch,11,Pat Bryant,Upton Stout
SF,J.Brown,DEN,R.Harvey,4,Tackled after catch,9,RJ Harvey,Ji'Ayir Brown
SF,U.Stout,DEN,J.Dobbins,4,Tackled after catch,7,J.K. Dobbins,Upton Stout
SF,D.Greenlaw,DEN,R.Harvey,4,Tackled after catch,8,RJ Harvey,Dre Greenlaw
DEN,J.Barron,SF,K.Juszczyk,4,Tackled after catch,16,Kyle Juszczyk,Jahdae Barron
DEN,K.Abrams-Draine,SF,M.Evans,4,Tackled after catch,9,Mike Evans,Kris Abrams-Draine
DEN,K.Abrams-Draine,SF,D.Samuel,4,Tackled after catch,8,Deebo Samuel Sr.,Kris Abrams-Draine
DEN,T.Hufanga,SF,M.Evans,4,Tackled after catch,17,Mike Evans,Talanoa Hufanga
SF,M.Sigle,DEN,R.Harvey,4,Tackled after catch,18,RJ Harvey,Marques Sigle
SF,D.Greenlaw,DEN,R.Harvey,4,Tackled after catch,7,RJ Harvey,Dre Greenlaw
DEN,Q.Robinson,SF,C.McCaffrey,4,Tackled after catch,9,Christian McCaffrey,Quandarrius Robinson
SF,R.Green,DEN,T.Badie,4,Tackled after catch,7,Tyler Badie,Renardo Green
SF,D.Greenlaw,DEN,E.Engram,4,Tackled after catch,6,Evan Engram,Dre Greenlaw
SF,D.Lenoir,DEN,J.Waddle,4,Tackled after catch,5,Jaylen Waddle,Deommodore Lenoir
CAR,A.Evans,DET,J.Williams,4,Tackled after catch,6,Jameson Williams,Akayleb Evans
DET,J.Campbell,CAR,T.Tremble,4,Tackled after catch,5,Tommy Tremble,Jack Campbell
DET,D.Reed,CAR,T.McMillan,4,Tackled after catch,10,Tetairoa McMillan,D.J. Reed
DET,C.Clark,CAR,T.McMillan,4,Tackled after catch,12,Tetairoa McMillan,Chuck Clark
CAR,A.Evans,DET,A.St. Brown,4,Tackled after catch,5,A.St. Brown,Akayleb Evans
CAR,N.Scott,DET,J.Gibbs,4,Tackled after catch,4,Jahmyr Gibbs,Nick Scott
DET,R.McCreary,CAR,T.McMillan,4,Tackled after catch,9,Tetairoa McMillan,Roger McCreary
DET,J.Rolder,CAR,T.Tremble,4,Tackled after catch,4,Tommy Tremble,Jimmy Rolder
DET,J.Rolder,CAR,C.Hubbard,4,Tackled after catch,7,Chuba Hubbard,Jimmy Rolder
CAR,A.Hall,DET,S.LaPorta,4,Tackled after catch,-2,Sam LaPorta,Aaron Hall
CAR,D.Lloyd,DET,S.LaPorta,4,Tackled after catch,11,Sam LaPorta,Devin Lloyd
CAR,B.Okereke,DET,S.LaPorta,4,Tackled after catch,7,Sam LaPorta,Bobby Okereke
DET,E.Rakestraw,CAR,T.McMillan,4,Tackled after catch,26,Tetairoa McMillan,Ennis Rakestraw
DET,M.Rodriguez,CAR,T.Tremble,4,Tackled after catch,0,Tommy Tremble,Malcolm Rodriguez
DET,C.Izien,CAR,A.Dillon,4,Tackled after catch,5,AJ Dillon,Christian Izien
DET,C.Clark,CAR,J.Metchie,4,Tackled after catch,10,John Metchie III,Chuck Clark
CAR,A.Evans,DET,J.Williams,4,Tackled after catch,8,Jameson Williams,Akayleb Evans
CAR,T.Moehrig,DET,A.St. Brown,4,Tackled after catch,14,A.St. Brown,Tre'von Moehrig
CAR,B.Okereke,DET,J.Gibbs,4,Tackled after catch,5,Jahmyr Gibbs,Bobby Okereke
CAR,D.Lloyd,DET,J.Williams,4,Tackled after catch,11,Jameson Williams,Devin Lloyd
DET,E.Rakestraw,CAR,T.McMillan,4,Tackled after catch,18,Tetairoa McMillan,Ennis Rakestraw
DET,D.Reed,CAR,T.McMillan,4,Tackled after catch,5,Tetairoa McMillan,D.J. Reed
DET,D.Reed,CAR,B.Tremayne,4,Tackled after catch,11,Brycen Tremayne,D.J. Reed
DET,C.Izien,CAR,J.Metchie,4,Tackled after catch,9,John Metchie III,Christian Izien
DET,J.Campbell,CAR,T.Tremble,4,Tackled after catch,3,Tommy Tremble,Jack Campbell
DET,C.Izien,CAR,D.Waller,4,Tackled after catch,11,Darren Waller,Christian Izien
CAR,A.Evans,DET,I.TeSlaa,4,Tackled after catch,57,Isaac TeSlaa,Akayleb Evans
DET,D.Reed,CAR,D.Waller,4,Tackled after catch,16,Darren Waller,D.J. Reed
CAR,A.Evans,DET,J.Williams,4,Tackled after catch,14,Jameson Williams,Akayleb Evans
CAR,A.Evans,DET,A.St. Brown,4,Tackled after catch,19,A.St. Brown,Akayleb Evans
DET,C.Clark,CAR,T.McMillan,4,Tackled after catch,8,Tetairoa McMillan,Chuck Clark
DET,J.Mills,CAR,D.Waller,4,Tackled after catch,9,Darren Waller,Jalen Mills
DET,C.Clark,CAR,M.Evans,4,Tackled after catch,8,Mitchell Evans,Chuck Clark
CAR,Z.Wheatley,DET,S.LaPorta,4,Tackled after catch,25,Sam LaPorta,Zakee Wheatley
CAR,B.Okereke,DET,J.Gibbs,4,Tackled after catch,8,Jahmyr Gibbs,Bobby Okereke
CAR,P.Umanmielen,DET,A.St. Brown,4,Tackled after catch,7,A.St. Brown,Princely Umanmielen
CAR,N.Scott,DET,S.LaPorta,4,Tackled after catch,7,Sam LaPorta,Nick Scott
CAR,W.Lee,DET,J.Williams,4,Tackled after catch,14,Jameson Williams,Will Lee
CAR,D.Lloyd,DET,A.St. Brown,4,Tackled after catch,13,A.St. Brown,Devin Lloyd
CAR,D.Lloyd,DET,J.Gibbs,4,Tackled after catch,5,Jahmyr Gibbs,Devin Lloyd
CAR,W.Lee,DET,I.TeSlaa,4,Tackled after catch,10,Isaac TeSlaa,Will Lee
CAR,B.Okereke,DET,A.St. Brown,4,Tackled after catch,5,A.St. Brown,Bobby Okereke
DET,E.Rakestraw,CAR,T.McMillan,4,Tackled after catch,18,Tetairoa McMillan,Ennis Rakestraw
DET,D.Barnes,CAR,T.McMillan,4,Tackled after catch,4,Tetairoa McMillan,Derrick Barnes
CAR,A.Evans,DET,A.St. Brown,4,Tackled after catch,3,A.St. Brown,Akayleb Evans
TB,A.Winfield,GB,T.Kraft,4,Tackled after catch,17,Tucker Kraft,Antoine Winfield Jr.
GB,E.Cooper,TB,C.Otton,4,Tackled after catch,13,Cade Otton,Edgerrin Cooper
TB,D.Walker,GB,M.Redman,4,Tackled after catch,4,Mark Redman,David Walker
TB,J.Trotter,GB,C.Brooks,4,Tackled after catch,5,Chris Brooks,Josiah Trotter
TB,K.Scott,GB,T.Kraft,4,Tackled after catch,10,Tucker Kraft,Keionte Scott
TB,T.Smith,GB,T.Kraft,4,Tackled after catch,3,Tucker Kraft,Tykee Smith
TB,J.Trotter,GB,M.Lloyd,4,Tackled after catch,4,MarShawn Lloyd,Josiah Trotter
GB,X.McKinney,TB,T.Hurst,4,Tackled after catch,21,Ted Hurst III,Xavier McKinney
GB,Z.Franklin,TB,C.Otton,4,Tackled after catch,6,Cade Otton,Zaire Franklin
TB,Z.McCollum,GB,C.Watson,4,Tackled after catch,16,Christian Watson,Zyon McCollum
GB,K.Nixon,TB,T.Johnson,4,Tackled after catch,2,Tez Johnson,Keisean Nixon
GB,Z.Franklin,TB,T.Johnson,4,Tackled after catch,15,Tez Johnson,Zaire Franklin
GB,K.Nixon,TB,C.Godwin,4,Tackled after catch,4,Chris Godwin Jr.,Keisean Nixon
GB,B.Cisse,TB,T.Hurst,4,Tackled after catch,4,Ted Hurst III,Brandon Cisse
TB,K.Scott,GB,M.Lloyd,4,Tackled after catch,3,MarShawn Lloyd,Keionte Scott
TB,K.Scott,GB,M.Lloyd,4,Tackled after catch,1,MarShawn Lloyd,Keionte Scott
TB,Z.McCollum,GB,M.Redman,4,Tackled after catch,25,Mark Redman,Zyon McCollum
TB,A.Anzalone,GB,M.Golden,4,Tackled after catch,6,Matthew Golden,Alex Anzalone
GB,I.McDuffie,TB,K.Johnson,4,Tackled after catch,3,Kameron Johnson,Isaiah McDuffie
TB,T.Smith,GB,J.Smith,4,Tackled after catch,19,Jonnu Smith,Tykee Smith
TB,J.Parrish,GB,T.Kraft,4,Tackled after catch,2,Tucker Kraft,Jacob Parrish
TB,A.Winfield,GB,C.Watson,4,Tackled after catch,18,Christian Watson,Antoine Winfield Jr.
TB,C.Rozeboom,GB,S.Moore,4,Tackled after catch,-2,Skyy Moore,Christian Rozeboom
TB,A.Anzalone,GB,T.Kraft,4,Tackled after catch,8,Tucker Kraft,Alex Anzalone
TB,A.Winfield,GB,M.Lloyd,4,Tackled after catch,16,MarShawn Lloyd,Antoine Winfield Jr.
TB,J.Parrish,GB,C.Watson,4,Tackled after catch,13,Christian Watson,Jacob Parrish
GB,K.Nixon,TB,C.Godwin,4,Tackled after catch,2,Chris Godwin Jr.,Keisean Nixon
GB,L.Van Ness,TB,E.Egbuka,4,Tackled after catch,8,Emeka Egbuka,Lukas Van Ness
GB,K.Nixon,TB,C.Godwin,4,Tackled after catch,-3,Chris Godwin Jr.,Keisean Nixon
TB,J.Trotter,GB,M.Lloyd,4,Tackled after catch,12,MarShawn Lloyd,Josiah Trotter
GB,C.Valentine,TB,C.Godwin,4,Tackled after catch,6,Chris Godwin Jr.,Carrington Valentine
GB,E.Williams,TB,C.Otton,4,Tackled after catch,5,Cade Otton,Evan Williams
GB,E.Williams,TB,C.Otton,4,Tackled after catch,13,Cade Otton,Evan Williams
WSH,A.Robertson,IND,J.Downs,4,Tackled after catch,2,Josh Downs,Amik Robertson
IND,J.Carlies,WSH,C.Okonkwo,4,Tackled after catch,2,Chig Okonkwo,Jaylon Carlies
IND,A.Davis-Gaither,WSH,J.Croskey-Merritt,4,Tackled after catch,35,Jacory Croskey-Merritt,Akeem Davis-Gaither
WSH,R.Douglas,IND,L.Treadwell,4,Tackled after catch,2,Laquon Treadwell,Rasul Douglas
IND,A.Davis-Gaither,WSH,C.Okonkwo,4,Tackled after catch,3,Chig Okonkwo,Akeem Davis-Gaither
IND,J.Walley,WSH,S.Diggs,4,Tackled after catch,5,Stefon Diggs,Justin Walley
WSH,J.Reaves,IND,J.Downs,4,Tackled after catch,9,Josh Downs,Jeremy Reaves
IND,A.Davis-Gaither,WSH,S.Diggs,4,Tackled after catch,7,Stefon Diggs,Akeem Davis-Gaither
WSH,R.Douglas,IND,A.Dulin,4,Tackled after catch,0,Ashton Dulin,Rasul Douglas
IND,C.Bynum,WSH,A.Williams,4,Tackled after catch,5,Antonio Williams,Camryn Bynum
WSH,Q.Martin,IND,T.Warren,4,Tackled after catch,12,Tyler Warren,Quan Martin
WSH,D.Payne,IND,J.Downs,4,Tackled after catch,5,Josh Downs,Daron Payne
IND,A.Haulcy,WSH,D.Brown,4,Tackled after catch,9,Dyami Brown,A.J. Haulcy
IND,J.Walley,WSH,S.Diggs,4,Tackled after catch,4,Stefon Diggs,Justin Walley
WSH,A.Robertson,IND,T.Warren,4,Tackled after catch,9,Tyler Warren,Amik Robertson
WSH,A.Robertson,IND,A.Dulin,4,Tackled after catch,23,Ashton Dulin,Amik Robertson
WSH,A.Robertson,IND,A.Dulin,4,Tackled after catch,6,Ashton Dulin,Amik Robertson
WSH,J.Reaves,IND,L.Treadwell,4,Tackled after catch,9,Laquon Treadwell,Jeremy Reaves
WSH,J.Kinlaw,IND,T.Warren,4,Tackled after catch,13,Tyler Warren,Javon Kinlaw
WSH,F.Moreau,IND,D.Burks,4,Tackled after catch,6,Deion Burks,Fabian Moreau
WSH,R.Douglas,IND,L.Treadwell,4,Tackled after catch,13,Laquon Treadwell,Rasul Douglas
WSH,F.Luvu,IND,T.Warren,4,Tackled after catch,-1,Tyler Warren,Frankie Luvu
WSH,A.Robertson,IND,L.Treadwell,4,Tackled after catch,7,Laquon Treadwell,Amik Robertson
IND,J.Walley,WSH,A.Williams,4,Tackled after catch,7,Antonio Williams,Justin Walley
IND,A.Davis-Gaither,WSH,S.Diggs,4,Tackled after catch,10,Stefon Diggs,Akeem Davis-Gaither
IND,C.Ward,WSH,D.Brown,4,Tackled after catch,8,Dyami Brown,Charvarius Ward
CIN,J.Battle,JAX,J.Meyers,4,Tackled after catch,4,Jakobi Meyers,Jordan Battle
JAX,E.Murray,CIN,T.Higgins,4,Tackled after catch,14,Tee Higgins,Eric Murray
JAX,E.Murray,CIN,D.Meyers,4,Tackled after catch,16,Dohnte Meyers,Eric Murray
JAX,J.Jones,CIN,C.Brown,4,Tackled after catch,5,Chase Brown,Jarrian Jones
CIN,R.Yeast,JAX,B.Strange,4,Tackled after catch,23,Brenton Strange,Russ Yeast
CIN,B.Carter,JAX,J.Meyers,4,Tackled after catch,22,Jakobi Meyers,Barrett Carter
CIN,J.Battle,JAX,B.Strange,4,Tackled after catch,14,Brenton Strange,Jordan Battle
JAX,J.Hines-Allen,CIN,T.Higgins,4,Tackled after catch,10,Tee Higgins,Josh Hines-Allen
JAX,J.Jones,CIN,J.Chase,4,Tackled after catch,17,Ja'Marr Chase,Jarrian Jones
JAX,J.Jones,CIN,J.Chase,4,Tackled after catch,4,Ja'Marr Chase,Jarrian Jones
CIN,P.Jules,JAX,B.Strange,4,Tackled after catch,12,Brenton Strange,PJ Jules
CIN,D.Turner,JAX,Bri.Thomas,4,Tackled after catch,10,Bri.Thomas,DJ Turner
CIN,O.Burks,JAX,J.Cameron,4,Tackled after catch,29,Josh Cameron,Oren Burks
JAX,J.Lewis,CIN,T.Higgins,4,Tackled after catch,7,Tee Higgins,Jourdan Lewis
JAX,R.Lane,CIN,T.Higgins,4,Tackled after catch,14,Tee Higgins,Rayuan Lane
JAX,J.Jones,CIN,C.Brown,4,Tackled after catch,8,Chase Brown,Jarrian Jones
JAX,F.Oluokun,CIN,C.Brown,4,Tackled after catch,7,Chase Brown,Foyesade Oluokun
JAX,J.Lewis,CIN,C.Brown,4,Tackled after catch,9,Chase Brown,Jourdan Lewis
JAX,J.Jones,CIN,T.Higgins,4,Tackled after catch,16,Tee Higgins,Jarrian Jones
JAX,F.Oluokun,CIN,C.Brown,4,Tackled after catch,5,Chase Brown,Foyesade Oluokun
JAX,E.Murray,CIN,T.Higgins,4,Tackled after catch,14,Tee Higgins,Eric Murray
JAX,F.Oluokun,CIN,C.Brown,4,Tackled after catch,7,Chase Brown,Foyesade Oluokun
JAX,R.Lane,CIN,D.Meyers,4,Tackled after catch,5,Dohnte Meyers,Rayuan Lane
CIN,B.Carter,JAX,B.Tuten,4,Tackled after catch,9,Bhayshul Tuten,Barrett Carter
CIN,D.Knight,JAX,J.Meyers,4,Tackled after catch,7,Jakobi Meyers,Demetrius Knight
CIN,D.Hill,JAX,B.Strange,4,Tackled after catch,11,Brenton Strange,Daxton Hill
JAX,D.Striggow,CIN,D.Meyers,4,Tackled after catch,4,Dohnte Meyers,Danny Striggow
JAX,R.Lane,CIN,D.Meyers,4,Tackled after catch,29,Dohnte Meyers,Rayuan Lane
JAX,V.Miller,CIN,C.Brown,4,Tackled after catch,4,Chase Brown,Ventrell Miller
JAX,R.Lane,CIN,C.Brown,4,Tackled after catch,9,Chase Brown,Rayuan Lane
JAX,J.Hines-Allen,CIN,T.Higgins,4,Tackled after catch,18,Tee Higgins,Josh Hines-Allen
CIN,T.Davis,JAX,B.Tuten,4,Tackled after catch,9,Bhayshul Tuten,Tacario Davis
CIN,D.Ivey,JAX,B.Strange,4,Tackled after catch,16,Brenton Strange,DJ Ivey
JAX,J.Jones,CIN,C.Brown,4,Tackled after catch,-1,Chase Brown,Jarrian Jones
JAX,A.Johnson,CIN,T.Higgins,4,Tackled after catch,17,Tee Higgins,Antonio Johnson
JAX,R.Lane,CIN,M.Gesicki,4,Tackled after catch,7,Mike Gesicki,Rayuan Lane
JAX,F.Oluokun,CIN,T.Hudson,4,Tackled after catch,2,Tanner Hudson,Foyesade Oluokun
JAX,J.Jones,CIN,M.Tinsley,4,Tackled after catch,9,Mitchell Tinsley,Jarrian Jones
CIN,B.Carter,JAX,B.Strange,4,Tackled after catch,4,Brenton Strange,Barrett Carter
CIN,R.Yeast,JAX,B.Strange,4,Tackled after catch,15,Brenton Strange,Russ Yeast
CIN,D.Turner,JAX,P.Washington,4,Tackled after catch,7,Parker Washington,DJ Turner
JAX,B.Combs,CIN,D.Meyers,4,Tackled after catch,15,Dohnte Meyers,Branson Combs
JAX,R.Lane,CIN,C.Brown,4,Tackled after catch,9,Chase Brown,Rayuan Lane
KC,G.Karlaftis,LV,M.Mayer,4,Tackled after catch,10,Michael Mayer,George Karlaftis III
KC,M.Delane,LV,D.Young,4,Tackled after catch,9,Dareke Young,Mansoor Delane
LV,Q.Walker,KC,N.Gray,4,Tackled after catch,11,Noah Gray,Quay Walker
LV,E.Stokes,KC,X.Worthy,4,Tackled after catch,41,Xavier Worthy,Eric Stokes
LV,Q.Walker,KC,K.Walker,4,Tackled after catch,2,Kenneth Walker III,Quay Walker
LV,E.Stokes,KC,X.Worthy,4,Tackled after catch,12,Xavier Worthy,Eric Stokes
KC,D.Tranquill,LV,B.Bowers,4,Tackled after catch,18,Brock Bowers,Drue Tranquill
KC,L.Sneed,LV,M.Mayer,4,Tackled after catch,7,Michael Mayer,L'Jarius Sneed
KC,L.Sneed,LV,B.Bowers,4,Tackled after catch,7,Brock Bowers,L'Jarius Sneed
KC,N.Bolton,LV,A.Jeanty,4,Tackled after catch,4,Ashton Jeanty,Nick Bolton
LV,E.Stokes,KC,X.Worthy,4,Tackled after catch,10,Xavier Worthy,Eric Stokes
LV,H.Masses,KC,T.Thornton,4,Tackled after catch,42,Tyquan Thornton,Hezekiah Masses
KC,L.Sneed,LV,B.Bowers,4,Tackled after catch,16,Brock Bowers,L'Jarius Sneed
KC,C.Conner,LV,M.Mayer,4,Tackled after catch,2,Michael Mayer,Chamarri Conner
KC,C.Roland-Wallace,LV,M.Mayer,4,Tackled after catch,17,Michael Mayer,Christian Roland-Wallace
KC,J.Cochrane,LV,A.Jeanty,4,Tackled after catch,28,Ashton Jeanty,Jack Cochrane
LV,H.Masses,KC,X.Worthy,4,Tackled after catch,7,Xavier Worthy,Hezekiah Masses
LV,N.Dean,KC,E.Johnson,4,Tackled after catch,10,Emmett Johnson,Nakobe Dean
KC,J.Bassa,LV,I.Thomas,4,Tackled after catch,5,Ian Thomas,Jeffrey Bassa
KC,N.Bolton,LV,B.Bowers,4,Tackled after catch,4,Brock Bowers,Nick Bolton
KC,D.Tranquill,LV,C.Heyward,4,Tackled after catch,9,Connor Heyward,Drue Tranquill
KC,C.Jones,LV,M.Washington,4,Tackled after catch,-1,Mike Washington Jr.,Chris Jones
KC,M.Delane,LV,B.Bowers,4,Tackled after catch,21,Brock Bowers,Mansoor Delane
KC,M.Delane,LV,T.Tucker,4,Tackled after catch,-1,Tre Tucker,Mansoor Delane
LV,J.Chinn,KC,N.Gray,4,Tackled after catch,6,Noah Gray,Jeremy Chinn
KC,M.Delane,LV,C.White,4,Tackled after catch,27,Cody White,Mansoor Delane
KC,J.Cochrane,LV,M.Mayer,4,Tackled after catch,9,Michael Mayer,Jack Cochrane
LV,T.Stukes,KC,T.Thornton,4,Tackled after catch,55,Tyquan Thornton,Treydan Stukes
KC,L.Sneed,LV,A.Jeanty,4,Tackled after catch,6,Ashton Jeanty,L'Jarius Sneed
KC,M.Delane,LV,C.White,4,Tackled after catch,9,Cody White,Mansoor Delane
KC,N.Williams,LV,T.Tucker,4,Tackled after catch,8,Tre Tucker,Nohl Williams
KC,N.Bolton,LV,M.Mayer,4,Tackled after catch,11,Michael Mayer,Nick Bolton
KC,C.Conner,LV,T.Tucker,4,Tackled after catch,23,Tre Tucker,Chamarri Conner
SEA,N.Emmanwori,LAC,K.Mitchell,4,Tackled after catch,8,Keaton Mitchell,Nick Emmanwori
SEA,N.Emmanwori,LAC,T.Harris,4,Tackled after catch,13,Tre' Harris,Nick Emmanwori
SEA,D.Witherspoon,LAC,O.Gadsden,4,Tackled after catch,8,Oronde Gadsden,Devon Witherspoon
LAC,D.Jackson,SEA,J.Smith-Njigba,4,Tackled after catch,9,Jaxon Smith-Njigba,Donte Jackson
LAC,A.Mesidor,SEA,E.Wilson,4,Tackled after catch,3,Emanuel Wilson,Akheem Mesidor
LAC,R.Mickens,SEA,J.Smith-Njigba,4,Tackled after catch,6,Jaxon Smith-Njigba,R.J. Mickens
LAC,R.Shelley,SEA,R.Shaheed,4,Tackled after catch,20,Rashid Shaheed,Rodney Shelley
LAC,D.Phillips,SEA,G.Holani,4,Tackled after catch,2,George Holani,Del'Shawn Phillips
LAC,G.Smith,SEA,J.Smith-Njigba,4,Tackled after catch,28,Jaxon Smith-Njigba,Genesis Smith
LAC,D.Henley,SEA,J.Smith-Njigba,4,Tackled after catch,13,Jaxon Smith-Njigba,Daiyan Henley
LAC,E.Molden,SEA,A.Barner,4,Tackled after catch,12,AJ Barner,Elijah Molden
SEA,E.Jones,LAC,K.Vidal,4,Tackled after catch,2,Kimani Vidal,Ernest Jones
LAC,D.Henley,SEA,J.Smith-Njigba,4,Tackled after catch,20,Jaxon Smith-Njigba,Daiyan Henley
LAC,E.Molden,SEA,C.Kupp,4,Tackled after catch,13,Cooper Kupp,Elijah Molden
SEA,N.Emmanwori,LAC,K.Mitchell,4,Tackled after catch,2,Keaton Mitchell,Nick Emmanwori
SEA,J.Love,LAC,T.Harris,4,Tackled after catch,26,Tre' Harris,Julian Love
SEA,D.Witherspoon,LAC,K.Mitchell,4,Tackled after catch,3,Keaton Mitchell,Devon Witherspoon
SEA,D.Witherspoon,LAC,O.Gadsden,4,Tackled after catch,9,Oronde Gadsden,Devon Witherspoon
SEA,D.Witherspoon,LAC,O.Gadsden,4,Tackled after catch,5,Oronde Gadsden,Devon Witherspoon
LAC,T.Tart,SEA,E.Wilson,4,Tackled after catch,13,Emanuel Wilson,Teair Tart
SEA,D.Hall,LAC,K.Mitchell,4,Tackled after catch,14,Keaton Mitchell,Derick Hall
SEA,D.Witherspoon,LAC,O.Hampton,4,Tackled after catch,3,Omarion Hampton,Devon Witherspoon
SEA,D.Thomas,LAC,K.Mitchell,4,Tackled after catch,-3,Keaton Mitchell,Drake Thomas
SEA,R.Thomas,LAC,Q.Johnston,4,Tackled after catch,44,Quentin Johnston,Rodney Thomas II
SEA,U.Nwosu,LAC,D.Davis,4,Tackled after catch,6,Derius Davis,Uchenna Nwosu
SEA,R.Thomas,LAC,T.Harris,4,Tackled after catch,21,Tre' Harris,Rodney Thomas II
SEA,E.Jones,LAC,O.Gadsden,4,Tackled after catch,9,Oronde Gadsden,Ernest Jones
LAR,J.Wallace,PHI,S.Barkley,4,Tackled after catch,2,Saquon Barkley,Josh Wallace
PHI,J.Trotter,LAR,K.Williams,4,Tackled after catch,7,Kyren Williams,Jeremiah Trotter Jr.
PHI,Q.Mitchell,LAR,D.Adams,4,Tackled after catch,10,Davante Adams,Quinyon Mitchell
PHI,C.DeJean,LAR,B.Corum,4,Tackled after catch,7,Blake Corum,Cooper DeJean
LAR,K.Kinchens,PHI,M.Lemon,4,Tackled after catch,8,Makai Lemon,Kamren Kinchens
LAR,N.Landman,PHI,Z.Ertz,4,Tackled after catch,8,Zach Ertz,Nathan Landman
LAR,K.Kinchens,PHI,M.Lemon,4,Tackled after catch,13,Makai Lemon,Kamren Kinchens
PHI,J.Trotter,LAR,K.Williams,4,Tackled after catch,16,Kyren Williams,Jeremiah Trotter Jr.
PHI,C.DeJean,LAR,J.Whittington,4,Tackled after catch,4,Jordan Whittington,Cooper DeJean
PHI,Q.Mitchell,LAR,D.Adams,4,Tackled after catch,12,Davante Adams,Quinyon Mitchell
PHI,Q.Mitchell,LAR,D.Adams,4,Tackled after catch,5,Davante Adams,Quinyon Mitchell
PHI,J.Trotter,LAR,K.Williams,4,Tackled after catch,5,Kyren Williams,Jeremiah Trotter Jr.
PHI,J.Hunt,LAR,T.Higbee,4,Tackled after catch,19,Tyler Higbee,Jalyx Hunt
LAR,K.Kinchens,PHI,Z.Ertz,4,Tackled after catch,5,Zach Ertz,Kamren Kinchens
PHI,A.Mukuba,LAR,K.Williams,4,Tackled after catch,2,Kyren Williams,Andrew Mukuba
PHI,J.Trotter,LAR,T.Higbee,4,Tackled after catch,11,Tyler Higbee,Jeremiah Trotter Jr.
PHI,J.Jones,LAR,K.Williams,4,Tackled after catch,5,Kyren Williams,Jonathan Jones
LAR,T.McDuffie,PHI,D.Cooper,4,Tackled after catch,5,Darius Cooper,Trent McDuffie
PHI,J.Trotter,LAR,P.Nacua,4,Tackled after catch,6,Puka Nacua,Jeremiah Trotter Jr.
PHI,J.Campbell,LAR,T.Higbee,4,Tackled after catch,4,Tyler Higbee,Jihaad Campbell
PHI,J.Trotter,LAR,P.Nacua,4,Tackled after catch,7,Puka Nacua,Jeremiah Trotter Jr.
PHI,J.Campbell,LAR,K.Williams,4,Tackled after catch,9,Kyren Williams,Jihaad Campbell
PHI,J.Campbell,LAR,T.Higbee,4,Tackled after catch,20,Tyler Higbee,Jihaad Campbell
PHI,C.DeJean,LAR,K.Williams,4,Tackled after catch,9,Kyren Williams,Cooper DeJean
PHI,J.Trotter,LAR,D.Adams,4,Tackled after catch,5,Davante Adams,Jeremiah Trotter Jr.
PHI,J.Campbell,LAR,K.Williams,4,Tackled after catch,7,Kyren Williams,Jihaad Campbell
PHI,J.Campbell,LAR,P.Nacua,4,Tackled after catch,7,Puka Nacua,Jihaad Campbell
MIN,B.Cashman,MIA,W.Kacmarek,4,Tackled after catch,15,Will Kacmarek,Blake Cashman
MIA,J.Rodriguez,MIN,J.Jennings,4,Tackled after catch,8,Jauan Jennings,Jacob Rodriguez
MIN,J.Metellus,MIA,K.Coleman,4,Tackled after catch,3,Kevin Coleman Jr.,Josh Metellus
MIN,J.Golday,MIA,O.Gordon,4,Tackled after catch,0,Ollie Gordon II,Jake Golday
MIN,D.Turner,MIA,M.Washington,4,Tackled after catch,16,Malik Washington,Dallas Turner
MIA,C.Johnson,MIN,J.Addison,4,Tackled after catch,2,Jordan Addison,Chris Johnson
MIA,J.Rodriguez,MIN,G.Bartholomew,4,Tackled after catch,4,Gavin Bartholomew,Jacob Rodriguez
MIA,D.Trader,MIN,T.Hockenson,4,Tackled after catch,15,T.J. Hockenson,Dante Trader
MIN,J.Redmond,MIA,M.Washington,4,Tackled after catch,11,Malik Washington,Jalen Redmond
MIA,J.Brents,MIN,J.Addison,4,Tackled after catch,19,Jordan Addison,Julius Brents
MIA,Z.Anderson,MIN,T.Hockenson,4,Tackled after catch,20,T.J. Hockenson,Zayne Anderson
MIA,Z.Anderson,MIN,T.Felton,4,Tackled after catch,14,Tai Felton,Zayne Anderson
MIA,J.Brooks,MIN,T.Hockenson,4,Tackled after catch,6,T.J. Hockenson,Jordyn Brooks
MIA,M.Taaffe,MIN,T.Hockenson,4,Tackled after catch,4,T.J. Hockenson,Michael Taaffe
MIA,J.Rodriguez,MIN,T.Hockenson,4,Tackled after catch,8,T.J. Hockenson,Jacob Rodriguez
MIA,J.Brooks,MIN,T.Hockenson,4,Tackled after catch,2,T.J. Hockenson,Jordyn Brooks
MIA,J.Marshall,MIN,T.Hockenson,4,Tackled after catch,14,T.J. Hockenson,Jason Marshall
MIA,J.Rodriguez,MIN,J.Addison,4,Tackled after catch,4,Jordan Addison,Jacob Rodriguez
MIA,J.Rodriguez,MIN,M.Price,4,Tackled after catch,5,Myles Price,Jacob Rodriguez
MIA,J.Brooks,MIN,A.Jones,4,Tackled after catch,5,Aaron Jones Sr.,Jordyn Brooks
MIA,J.Uche,MIN,A.Jones,4,Tackled after catch,3,Aaron Jones Sr.,Joshua Uche
MIA,J.Brooks,MIN,T.Hockenson,4,Tackled after catch,22,T.J. Hockenson,Jordyn Brooks
MIA,J.Rodriguez,MIN,T.Hockenson,4,Tackled after catch,5,T.J. Hockenson,Jacob Rodriguez
MIA,M.Taaffe,MIN,T.Hockenson,4,Tackled after catch,8,T.J. Hockenson,Michael Taaffe
BUF,C.Bishop,NE,E.Raridon,4,Tackled after catch,12,Eli Raridon,Cole Bishop
BUF,T.Parker,NE,H.Henry,4,Tackled after catch,8,Hunter Henry,T.J. Parker
BUF,C.Gardner-Johnson,NE,H.Henry,4,Tackled after catch,20,Hunter Henry,C.J. Gardner-Johnson
BUF,M.Hairston,NE,R.Doubs,4,Tackled after catch,15,Romeo Doubs,Maxwell Hairston
NE,M.Jones,BUF,J.Cook,4,Tackled after catch,6,James Cook III,Marcus Jones
NE,C.Davis,BUF,D.Moore,4,Tackled after catch,11,DJ Moore,Carlton Davis
NE,R.Spillane,BUF,T.Johnson,4,Tackled after catch,9,Ty Johnson,Robert Spillane
NE,D.Muasau,BUF,K.Shakir,4,Tackled after catch,5,Khalil Shakir,Darius Muasau
NE,M.Jones,BUF,K.Coleman,4,Tackled after catch,13,Keon Coleman,Marcus Jones
NE,C.Elliss,BUF,D.Knox,4,Tackled after catch,5,Dawson Knox,Christian Elliss
NE,C.Davis,BUF,K.Shakir,4,Tackled after catch,7,Khalil Shakir,Carlton Davis
BUF,D.Williams,NE,H.Henry,4,Tackled after catch,8,Hunter Henry,Dorian Williams
BUF,D.Igbinosun,NE,M.Hollins,4,Tackled after catch,26,Mack Hollins,Davison Igbinosun
NE,C.Elliss,BUF,D.Knox,4,Tackled after catch,8,Dawson Knox,Christian Elliss
NE,R.Spillane,BUF,K.Shakir,4,Tackled after catch,8,Khalil Shakir,Robert Spillane
BUF,D.Igbinosun,NE,M.Hollins,4,Tackled after catch,19,Mack Hollins,Davison Igbinosun
BUF,T.Bernard,NE,R.Stevenson,4,Tackled after catch,6,Rhamondre Stevenson,Terrel Bernard
NE,C.Elliss,BUF,J.Cook,4,Tackled after catch,2,James Cook III,Christian Elliss
NE,C.Davis,BUF,K.Coleman,4,Tackled after catch,1,Keon Coleman,Carlton Davis
BUF,C.Gardner-Johnson,NE,D.Douglas,4,Tackled after catch,5,DeMario Douglas,C.J. Gardner-Johnson
NE,K.Byard,BUF,K.Shakir,4,Tackled after catch,6,Khalil Shakir,Kevin Byard
NE,C.Woods,BUF,J.Palmer,4,Tackled after catch,3,Joshua Palmer,Charles Woods
NE,K.Vildor,BUF,K.Coleman,4,Tackled after catch,22,Keon Coleman,Kindle Vildor
NE,M.Jones,BUF,T.Johnson,4,Tackled after catch,0,Ty Johnson,Marcus Jones
BUF,G.Rousseau,NE,R.Stevenson,4,Tackled after catch,13,Rhamondre Stevenson,Gregory Rousseau
NE,K.Byard,BUF,K.Coleman,4,Tackled after catch,24,Keon Coleman,Kevin Byard
BUF,D.Williams,NE,H.Henry,4,Tackled after catch,14,Hunter Henry,Dorian Williams
BUF,C.Bishop,NE,R.Doubs,4,Tackled after catch,12,Romeo Doubs,Cole Bishop
BUF,M.Hairston,NE,E.Chism,4,Tackled after catch,19,Efton Chism III,Maxwell Hairston
NE,E.Ponder,BUF,D.Kincaid,4,Tackled after catch,7,Dalton Kincaid,Elijah Ponder
BUF,C.Bishop,NE,H.Henry,4,Tackled after catch,12,Hunter Henry,Cole Bishop
NYJ,D.Davis,CHI,L.Burden,4,Tackled after catch,7,Luther Burden III,Demario Davis
NYJ,D.Belton,CHI,R.Odunze,4,Tackled after catch,21,Rome Odunze,Dane Belton
NYJ,M.Fitzpatrick,CHI,L.Burden,4,Tackled after catch,20,Luther Burden III,Minkah Fitzpatrick
NYJ,D.Belton,CHI,R.Odunze,4,Tackled after catch,2,Rome Odunze,Dane Belton
CHI,T.Stevenson,NYJ,G.Wilson,4,Tackled after catch,6,Garrett Wilson,Tyrique Stevenson
NYJ,J.Sherwood,CHI,C.Kmet,4,Tackled after catch,7,Cole Kmet,Jamien Sherwood
NYJ,B.Stephens,CHI,L.Burden,4,Tackled after catch,22,Luther Burden III,Brandon Stephens
NYJ,D.Belton,CHI,C.Loveland,4,Tackled after catch,2,Colston Loveland,Dane Belton
CHI,X.Woods,NYJ,B.Allen,4,Tackled after catch,5,Braelon Allen,Xavier Woods
CHI,T.Stevenson,NYJ,G.Wilson,4,Tackled after catch,7,Garrett Wilson,Tyrique Stevenson
NYJ,A.Thomas,CHI,R.Odunze,4,Tackled after catch,5,Rome Odunze,Azareye'h Thomas
NYJ,D.Belton,CHI,K.Raymond,4,Tackled after catch,1,Kalif Raymond,Dane Belton
NYJ,D.Belton,CHI,C.Loveland,4,Tackled after catch,7,Colston Loveland,Dane Belton
NYJ,J.Sherwood,CHI,C.Loveland,4,Tackled after catch,6,Colston Loveland,Jamien Sherwood
NYJ,B.McGregor,CHI,D.Swift,4,Tackled after catch,12,D'Andre Swift,Braiden McGregor
NYJ,D.Davis,CHI,K.Raymond,4,Tackled after catch,5,Kalif Raymond,Demario Davis
NYJ,M.Fitzpatrick,CHI,R.Odunze,4,Tackled after catch,37,Rome Odunze,Minkah Fitzpatrick
CHI,D.Bush,NYJ,J.Woods,4,Tackled after catch,11,Jelani Woods,Devin Bush Jr.
NYJ,B.Stephens,CHI,R.Odunze,4,Tackled after catch,20,Rome Odunze,Brandon Stephens
NYJ,D.Davis,CHI,C.Kmet,4,Tackled after catch,6,Cole Kmet,Demario Davis
NYJ,A.Thomas,CHI,R.Odunze,4,Tackled after catch,9,Rome Odunze,Azareye'h Thomas
NYJ,A.Thomas,CHI,S.Roush,4,Tackled after catch,8,Sam Roush,Azareye'h Thomas
NYJ,M.Fitzpatrick,CHI,C.Loveland,4,Tackled after catch,12,Colston Loveland,Minkah Fitzpatrick
CHI,T.Edwards,NYJ,B.Allen,4,Tackled after catch,3,Braelon Allen,T.J. Edwards
NYJ,A.Thomas,CHI,L.Burden,4,Tackled after catch,14,Luther Burden III,Azareye'h Thomas
CHI,M.Muhammad,NYJ,G.Wilson,4,Tackled after catch,14,Garrett Wilson,Malik Muhammad
NYJ,M.Fitzpatrick,CHI,C.Loveland,4,Tackled after catch,18,Colston Loveland,Minkah Fitzpatrick
NYJ,J.Ossai,CHI,R.Johnson,4,Tackled after catch,7,Roschon Johnson,Joseph Ossai
PIT,A.Samuel,CLE,D.Boston,4,Tackled after catch,5,Denzel Boston,Asante Samuel Jr.
PIT,J.Ramsey,CLE,I.Bond,4,Tackled after catch,2,Isaiah Bond,Jalen Ramsey
CLE,R.Hickman,PIT,D.Metcalf,4,Tackled after catch,15,DK Metcalf,Ronnie Hickman
CLE,D.Ward,PIT,M.Pittman,4,Tackled after catch,9,Michael Pittman Jr.,Denzel Ward
PIT,J.Brisker,CLE,K.Concepcion,4,Tackled after catch,21,KC Concepcion,Jaquan Brisker
CLE,G.Delpit,PIT,P.Freiermuth,4,Tackled after catch,5,Pat Freiermuth,Grant Delpit
PIT,D.Everette,CLE,D.Boston,4,Tackled after catch,60,Denzel Boston,Daylen Everette
PIT,P.Queen,CLE,K.Concepcion,4,Tackled after catch,5,KC Concepcion,Patrick Queen
PIT,Y.Black,CLE,Q.Judkins,4,Tackled after catch,7,Quinshon Judkins,Yahya Black
CLE,G.Delpit,PIT,P.Freiermuth,4,Tackled after catch,9,Pat Freiermuth,Grant Delpit
CLE,D.Ward,PIT,M.Pittman,4,Tackled after catch,6,Michael Pittman Jr.,Denzel Ward
PIT,C.Heyward,CLE,K.Concepcion,4,Tackled after catch,7,KC Concepcion,Cameron Heyward
PIT,D.Everette,CLE,D.Boston,4,Tackled after catch,9,Denzel Boston,Daylen Everette
PIT,D.Everette,CLE,K.Concepcion,4,Tackled after catch,25,KC Concepcion,Daylen Everette
PIT,P.Queen,CLE,Q.Judkins,4,Tackled after catch,9,Quinshon Judkins,Patrick Queen
PIT,J.Brisker,CLE,Q.Judkins,4,Tackled after catch,4,Quinshon Judkins,Jaquan Brisker
CLE,T.Campbell,PIT,R.Wilson,4,Tackled after catch,49,Roman Wilson,Tyson Campbell
PIT,R.Spears-Jennings,CLE,R.Sanders,4,Tackled after catch,5,Raheim Sanders,Robert Spears-Jennings
PIT,P.Wilson,CLE,J.Jeudy,4,Tackled after catch,9,Jerry Jeudy,Payton Wilson
CLE,T.Campbell,PIT,B.Skowronek,4,Tackled after catch,7,Ben Skowronek,Tyson Campbell
CLE,M.Harden,PIT,D.Metcalf,4,Tackled after catch,43,DK Metcalf,Myles Harden
CLE,G.Delpit,PIT,J.Warren,4,Tackled after catch,13,Jaylen Warren,Grant Delpit
PIT,K.Benton,CLE,Q.Judkins,4,Tackled after catch,10,Quinshon Judkins,Keeanu Benton
PIT,R.Spears-Jennings,CLE,D.Boston,4,Tackled after catch,15,Denzel Boston,Robert Spears-Jennings
PIT,J.Brisker,CLE,Q.Judkins,4,Tackled after catch,1,Quinshon Judkins,Jaquan Brisker
CLE,M.Harden,PIT,R.Wilson,4,Tackled after catch,13,Roman Wilson,Myles Harden
CLE,T.Campbell,PIT,D.Metcalf,4,Tackled after catch,22,DK Metcalf,Tyson Campbell
CLE,D.Ward,PIT,G.Bernard,4,Tackled after catch,6,Germie Bernard,Denzel Ward
CLE,T.Campbell,PIT,D.Metcalf,4,Tackled after catch,28,DK Metcalf,Tyson Campbell
CLE,M.Blackmon,PIT,G.Bernard,4,Tackled after catch,5,Germie Bernard,Mekhi Blackmon
PIT,A.Samuel,CLE,J.Jeudy,4,Tackled after catch,17,Jerry Jeudy,Asante Samuel Jr.
PIT,J.Brisker,CLE,H.Fannin,4,Tackled after catch,12,Harold Fannin Jr.,Jaquan Brisker
PIT,P.Wilson,CLE,J.Jeudy,4,Tackled after catch,10,Jerry Jeudy,Payton Wilson
PIT,R.Spears-Jennings,CLE,K.Concepcion,4,Tackled after catch,6,KC Concepcion,Robert Spears-Jennings
BAL,M.Humphrey,TEN,C.Dike,4,Tackled after catch,15,Chimere Dike,Marlon Humphrey
TEN,C.Flott,BAL,Z.Flowers,4,Tackled after catch,23,Zay Flowers,Cordale Flott
TEN,A.Hill,BAL,Z.Flowers,4,Tackled after catch,6,Zay Flowers,Anthony Hill
BAL,M.Starks,TEN,W.Robinson,4,Tackled after catch,12,Wan'Dale Robinson,Malaki Starks
BAL,K.Hamilton,TEN,C.Tate,4,Tackled after catch,22,Carnell Tate,Kyle Hamilton
TEN,A.Hooker,BAL,D.Walker,4,Tackled after catch,19,Devontez Walker,Amani Hooker
BAL,C.Awuzie,TEN,C.Tate,4,Tackled after catch,11,Carnell Tate,Chidobe Awuzie
BAL,C.Rivers,TEN,T.Spears,4,Tackled after catch,-1,Tyjae Spears,Chandler Rivers
TEN,A.Hooker,BAL,Z.Flowers,4,Tackled after catch,8,Zay Flowers,Amani Hooker
TEN,A.Taylor,BAL,M.Hibner,4,Tackled after catch,25,Matthew Hibner,Alontae Taylor
TEN,A.Hooker,BAL,M.Andrews,4,Tackled after catch,6,Mark Andrews,Amani Hooker
TEN,A.Taylor,BAL,R.Bateman,4,Tackled after catch,28,Rashod Bateman,Alontae Taylor
TEN,C.Barton,BAL,Z.Flowers,4,Tackled after catch,52,Zay Flowers,Cody Barton
BAL,M.Starks,TEN,C.Tate,4,Tackled after catch,6,Carnell Tate,Malaki Starks
BAL,K.Hamilton,TEN,C.Tate,4,Tackled after catch,2,Carnell Tate,Kyle Hamilton
TEN,A.Hill,BAL,M.Andrews,4,Tackled after catch,5,Mark Andrews,Anthony Hill
BAL,K.Hamilton,TEN,C.Tate,4,Tackled after catch,33,Carnell Tate,Kyle Hamilton
TEN,A.Hill,BAL,Z.Flowers,4,Tackled after catch,11,Zay Flowers,Anthony Hill
TEN,A.Taylor,BAL,E.Sarratt,4,Tackled after catch,13,Elijah Sarratt,Alontae Taylor
TEN,A.Hooker,BAL,J.Hill,4,Tackled after catch,7,Justice Hill,Amani Hooker
BAL,K.Hamilton,TEN,C.Tate,4,Tackled after catch,12,Carnell Tate,Kyle Hamilton
BAL,C.Awuzie,TEN,C.Tate,4,Tackled after catch,13,Carnell Tate,Chidobe Awuzie
TEN,C.Barton,BAL,M.Andrews,4,Tackled after catch,6,Mark Andrews,Cody Barton
TEN,J.Johnson,BAL,Z.Flowers,4,Tackled after catch,-6,Zay Flowers,Jermaine Johnson II
BAL,T.Buchanan,TEN,T.Pollard,4,Tackled after catch,0,Tony Pollard,Teddye Buchanan
TEN,C.Flott,BAL,M.Hibner,4,Tackled after catch,9,Matthew Hibner,Cordale Flott
BAL,C.Awuzie,TEN,T.Pollard,4,Tackled after catch,2,Tony Pollard,Chidobe Awuzie
TEN,M.Harris,BAL,R.Bateman,4,Tackled after catch,18,Rashod Bateman,Marcus Harris
BAL,M.Starks,TEN,W.Robinson,4,Tackled after catch,4,Wan'Dale Robinson,Malaki Starks
BAL,C.Rivers,TEN,G.Helm,4,Tackled after catch,5,Gunnar Helm,Chandler Rivers
BAL,M.Starks,TEN,C.Tate,4,Tackled after catch,33,Carnell Tate,Malaki Starks
TB,J.Trotter,DAL,J.Williams,5,Tackled after catch,8,Javonte Williams,Josiah Trotter
TB,J.Parrish,DAL,G.Pickens,5,Tackled after catch,8,George Pickens,Jacob Parrish
TB,J.Parrish,DAL,G.Pickens,5,Tackled after catch,21,George Pickens,Jacob Parrish
DAL,R.Steward,TB,E.Egbuka,5,Tackled after catch,3,Emeka Egbuka,Reddy Steward
DAL,D.Winters,TB,C.Otton,5,Tackled after catch,10,Cade Otton,Dee Winters
DAL,R.Steward,TB,C.Otton,5,Tackled after catch,4,Cade Otton,Reddy Steward
DAL,M.Hooker,TB,E.Egbuka,5,Tackled after catch,3,Emeka Egbuka,Malik Hooker
DAL,S.James,TB,C.Godwin,5,Tackled after catch,14,Chris Godwin Jr.,Shemar James
DAL,S.Revel,TB,C.Godwin,5,Tackled after catch,4,Chris Godwin Jr.,Shavon Revel
DAL,D.Bland,TB,E.Egbuka,5,Tackled after catch,6,Emeka Egbuka,DaRon Bland
TB,A.Anzalone,DAL,K.Turpin,5,Tackled after catch,7,KaVontae Turpin,Alex Anzalone
DAL,D.Bland,TB,P.Durham,5,Tackled after catch,5,Payne Durham,DaRon Bland
TB,J.Parrish,DAL,G.Pickens,5,Tackled after catch,7,George Pickens,Jacob Parrish
TB,K.Scott,DAL,C.Lamb,5,Tackled after catch,4,CeeDee Lamb,Keionte Scott
DAL,A.Speed,TB,K.Gainwell,5,Tackled after catch,15,Kenny Gainwell,Ameer Speed
DAL,M.Bell,TB,C.Godwin,5,Tackled after catch,19,Chris Godwin Jr.,Markquese Bell
TB,I.Melifonwu,DAL,G.Pickens,5,Tackled after catch,27,George Pickens,Ifeatu Melifonwu
TB,J.Parrish,DAL,C.Lamb,5,Tackled after catch,5,CeeDee Lamb,Jacob Parrish
DAL,M.Hooker,TB,T.Johnson,5,Tackled after catch,64,Tez Johnson,Malik Hooker
DAL,D.Bland,TB,E.Egbuka,5,Tackled after catch,21,Emeka Egbuka,DaRon Bland
DAL,D.Winters,TB,K.Gainwell,5,Tackled after catch,-5,Kenny Gainwell,Dee Winters
DAL,D.Ezeiruaku,TB,K.Gainwell,5,Tackled after catch,0,Kenny Gainwell,Donovan Ezeiruaku
TB,J.Parrish,DAL,J.Ferguson,5,Tackled after catch,11,Jake Ferguson,Jacob Parrish
DAL,L.Overton,TB,B.Irving,5,Tackled after catch,5,Bucky Irving,LT Overton
DAL,R.Steward,TB,E.Egbuka,5,Tackled after catch,2,Emeka Egbuka,Reddy Steward
TB,J.Parrish,DAL,R.Flournoy,5,Tackled after catch,16,Ryan Flournoy,Jacob Parrish
TB,I.Melifonwu,DAL,K.Turpin,5,Tackled after catch,15,KaVontae Turpin,Ifeatu Melifonwu
TB,J.Parrish,DAL,G.Pickens,5,Tackled after catch,13,George Pickens,Jacob Parrish
TB,T.Smith,DAL,G.Pickens,5,Tackled after catch,20,George Pickens,Tykee Smith
TB,J.Parrish,DAL,J.Mingo,5,Tackled after catch,8,Jonathan Mingo,Jacob Parrish
TB,T.Smith,DAL,J.Ferguson,5,Tackled after catch,6,Jake Ferguson,Tykee Smith
TB,K.Scott,DAL,R.Flournoy,5,Tackled after catch,26,Ryan Flournoy,Keionte Scott
TB,J.Trotter,DAL,G.Pickens,5,Tackled after catch,7,George Pickens,Josiah Trotter
TB,K.Scott,DAL,J.Mingo,5,Tackled after catch,12,Jonathan Mingo,Keionte Scott
TB,K.Scott,DAL,G.Pickens,5,Tackled after catch,9,George Pickens,Keionte Scott
